:START_ID(Account number),:END_ID(Transfer  id),:TYPE,date
5513331145,903c8bf8-ec2f-43a0-908f-3d25bbb60f4f,RECIEVED,
2046650761,da58e3f4-9d4f-42fb-9226-f00a3a95b89d,RECIEVED,2021-06-06 10:28:26
9831319473,d80954ea-01b7-4fd2-aa95-7ca140255492,RECIEVED,
5738458857,fa2da3f4-0968-4312-b2a1-aff10cf18def,RECIEVED,
9372250965,62da3314-6c67-40f7-8590-cdc8a3e6b3f9,RECIEVED,2022-11-19 23:38:09
1807881572,db8e9f9e-b366-4371-a203-1afb84007cd8,RECIEVED,2022-04-27 03:17:20
5080145134,6b0b0739-f1ec-4bb3-a0c8-edc81b1e1f93,RECIEVED,
4176155554,559c42be-bba5-4afd-a39c-185ec1799572,RECIEVED,2021-08-30 04:15:26
9452759753,e81d5438-f4b0-47e1-a473-803e70d48afc,RECIEVED,
2887533802,d110011b-cc6e-4f7b-a63f-eba82dc6ac7b,RECIEVED,
2790734846,c8b3e886-33a8-4cf2-afff-620831652e2a,RECIEVED,
267309251,2e8a8ca1-cdac-4346-9670-973264a21d0a,RECIEVED,
1504426825,657940b2-9538-4ad1-84bf-ab24e1319b37,RECIEVED,
9991803636,aacb9e86-aa46-44aa-9159-8e1be65468a0,RECIEVED,
5272250338,e50ebf65-b43b-47f6-afe3-57f5818bd651,RECIEVED,
159915558,f901086a-e7fb-48b5-a789-c2bf66bd8eef,RECIEVED,2023-04-13 18:57:17
1482759166,6fbafa3c-1d39-4fee-adde-d6756f31c26c,RECIEVED,
1964133806,6929d803-40e0-4ed6-8f2d-ff7c9b5a8a39,RECIEVED,
9755168495,04981b5c-94fb-4223-b1a2-cd2991a66369,RECIEVED,
1694758291,8a71e877-4f1c-44f4-bf9d-4096a72da10d,RECIEVED,
1377618041,8cdbbc73-235a-4389-a065-472269622ab2,RECIEVED,
9756414692,ea9dbd08-575b-4c3f-a6bb-265a969bd2ba,RECIEVED,
9756414692,48df37fe-f878-4d91-a90b-a66b2d816b76,RECIEVED,2019-10-20 18:07:20
9547392608,e80cafbf-d517-4b3a-9fdf-b3e1c051fc3f,RECIEVED,
4143790473,364abf42-8f12-4ca9-b892-2dbbe98a2d9b,RECIEVED,
6840482896,85e441db-8d27-41d7-8f04-1edd77d67372,RECIEVED,
3422088622,d3ee05f4-4c2d-483d-9cf3-068dc24125dc,RECIEVED,2021-01-23 01:59:26
6790260970,558321af-6135-4a3b-a049-667ae7cb7da3,RECIEVED,2022-08-25 16:12:31
482963666,9f52a146-f8ab-4fe4-9a20-c8488111a970,RECIEVED,
3422088622,6cd41bcc-5486-4fe1-aff2-41a0a30c2583,RECIEVED,
7075894066,a1fb71e3-1cff-4bab-806e-8fd3869d2583,RECIEVED,
8402882340,83689109-17b9-4bef-9363-18a77ccc5953,RECIEVED,2023-02-24 00:44:01
7808382696,bd40acaa-1dca-4b75-a115-5a794664ef5d,RECIEVED,
3153608734,66a02a11-2c7f-4c70-be3c-976064b20ec1,RECIEVED,
6818319409,17d4b8eb-0e83-4775-8fc1-b09e8e67d658,RECIEVED,2021-05-27 22:14:12
1482759166,c3741d61-9f04-47f5-b016-4e793256ae92,RECIEVED,
800303968,e16c0c78-0281-4d06-9784-6fac858e8dca,RECIEVED,
8396393594,aaaed2ea-4d81-496f-9ee4-4491471819f3,RECIEVED,2023-09-03 23:14:01
2790734846,ec093272-4688-4e59-acad-4f1d5b688811,RECIEVED,
6736184097,fe60556b-6004-4c2c-b0f2-01f3d5719b2c,RECIEVED,
209323986,0ee805e4-5253-409f-8f55-42b48e51ccd4,RECIEVED,
1038050193,0900a3e4-1dc0-4e45-9795-ec690871da51,RECIEVED,
8830649550,3df8d440-f283-403a-9243-873aa9f799e3,RECIEVED,2015-09-22 00:17:41
6003249038,ff201bde-4616-425c-a42a-03d2f1a37555,RECIEVED,
6306242256,42a5fa68-8f78-4fa5-8cfc-519a242057aa,RECIEVED,
5080145134,1710fbed-5286-4b08-9427-73c052ba1878,RECIEVED,
8433735032,392fef7e-1d84-4806-964e-14dc8fef1c96,RECIEVED,2022-08-15 08:22:55
4080642571,f8f66cb9-5ce7-415f-b847-55a367ac7513,RECIEVED,
7563773901,65c3244c-210a-4ae0-ab69-dd1adc55201f,RECIEVED,
2790734846,1199432e-d0db-4600-96b1-4fce59d0232a,RECIEVED,2022-12-05 02:20:33
1504426825,2c315ad3-a1cc-4a9c-b227-06f7e58c2400,RECIEVED,2023-05-02 05:50:06
5080145134,6bdbef34-18a5-4114-bb38-a73954dd233d,RECIEVED,2020-08-09 16:17:10
3895399973,e68e9eed-6f81-47be-8dd4-5b04e9255572,RECIEVED,
7569649048,24522343-0940-4a50-82f8-fb9254780dd3,RECIEVED,
2046650761,b2f5222d-c078-48f5-bcc6-806df90a9873,RECIEVED,2021-12-20 21:16:44
6003249038,08fb5d28-c8a0-4bdd-af13-de502da22644,RECIEVED,2022-02-07 16:56:24
6627196685,fc4018bf-6636-4cf4-ae71-dd01f3ac7ecd,RECIEVED,
9015139577,48e864d9-b89c-4b5c-b816-27267514b824,RECIEVED,
482963666,12f43d4a-5662-45d5-a0ed-0361975c4033,RECIEVED,2021-12-21 21:00:16
6627196685,e6008592-5726-4713-af53-b6780cefd516,RECIEVED,
5738629652,b1cd1caf-eef6-4e7c-81bf-4230628d748b,RECIEVED,
8620603579,19c43655-bdf0-4cdf-85b1-2b85a2813935,RECIEVED,2021-11-15 17:37:55
7058491945,dbd9ef53-7a7a-4b0c-a914-62cbccd6355e,RECIEVED,
2838782885,5c4a0671-0d19-4c83-9f91-095e6c601b26,RECIEVED,2022-12-08 16:42:51
2838782885,23ca70c8-033d-4c13-a2d9-5e278015ec82,RECIEVED,2023-09-12 18:16:23
9984411619,0a8cfd2d-0ed0-4eb9-ae7a-469ce414952b,RECIEVED,
8766990364,ac46cc2d-fa33-46dd-b40b-179fb47bae7f,RECIEVED,2023-07-15 04:17:40
2595336813,7c51683b-0d62-4fc7-ac7e-305565a1fd46,RECIEVED,
8433735032,4412833c-9409-4b07-9188-c64e11968829,RECIEVED,
6956529183,96dd6534-4078-42de-a0f4-39ba65043699,RECIEVED,2020-06-11 09:18:23
8766990364,0957584d-bb04-4b5b-98bd-d7404c55d4ce,RECIEVED,
5832145085,809b7ee1-9baa-4139-abd2-dc5e5210ce8a,RECIEVED,
3422088622,e2f16bef-c824-4ff3-933d-f65a3de53a15,RECIEVED,2023-05-23 15:18:30
8402882340,eeebedf3-6daa-41e6-8d7c-d6c970478eb5,RECIEVED,2023-09-08 11:09:45
4806993889,660e283c-0514-40bb-b19f-77cbe736c129,RECIEVED,2023-10-05 04:52:06
5309560512,eb1a39e1-b567-4638-9a65-9e3fb3576397,RECIEVED,
1361375515,94858a37-1444-497b-ba28-8ce2f561ee73,RECIEVED,
2025499215,3670e178-5582-40b7-9502-25402fd0106f,RECIEVED,
7417630179,c9a2d942-61fe-47ea-b2e1-f9b4fcc63b8e,RECIEVED,
8433735032,cc9ef223-e20f-49d1-83db-59627c0ed43d,RECIEVED,
7912200167,428fe8a8-c386-4dbd-be2a-00731a516c85,RECIEVED,
940290137,4871dbfe-9330-4af9-b420-54964f894030,RECIEVED,
963554309,8a44b46d-1b0a-48eb-a784-cfd5190c604b,RECIEVED,
6220275911,20000ae9-cbde-498f-ba32-fe60b956e93b,RECIEVED,
7598300517,6f97d705-4af0-46db-847b-44c91b43aaea,RECIEVED,
7507314698,a48abb09-c3a4-4318-a75b-7fc7f5575579,RECIEVED,
1038050193,8585ab52-e4e6-433b-911a-97868394549d,RECIEVED,
810661902,a51a1d2e-0ff1-4ba9-bedd-ebcfffa553e2,RECIEVED,
9756414692,6dccc541-114e-4f18-9f06-47c8267a8789,RECIEVED,
870446430,75c2d209-0562-4516-af54-bf60b9bfbfa8,RECIEVED,2023-03-11 21:22:30
1701614376,6e555bdd-d36d-44ea-b721-9502079fb017,RECIEVED,2021-11-21 19:41:19
8303899975,1b6585a9-c16b-44d1-978f-b5bd44d30fd6,RECIEVED,2021-12-27 13:27:45
7588764429,6bc7d2ae-68de-4605-b8a7-d318a4ad685b,RECIEVED,
8303899975,1291cd2b-dc4a-4ecf-bac2-19b1657e1e37,RECIEVED,
7183772874,8d17caee-89a9-4dda-8ddd-23e3774b30f5,RECIEVED,
9756414692,dcabf78b-6d85-422c-9adc-f6cc8abf434d,RECIEVED,
6890899929,4f45901a-5ebb-4de3-87f8-ad25249423d4,RECIEVED,
818213413,ec89a3e0-b226-482d-ba66-fcf48250c1f9,RECIEVED,
9547392608,87336cee-dab7-497b-9dfc-bdbb4da05995,RECIEVED,
6075177572,341825b9-6ed5-4708-892f-74f17aaa983d,RECIEVED,2022-10-02 10:45:57
2228345018,1ea94314-e3c6-4845-8b02-0e01f570bdbb,RECIEVED,
1361375515,005dd1e5-6ec4-4921-887d-5092365d7d1a,RECIEVED,
7058491945,5e36809c-08e2-467f-b2aa-7d8121a40fe5,RECIEVED,
6243006842,1c32d8d3-5022-45a0-860c-e07364f8c0f4,RECIEVED,2020-05-18 04:22:16
1086523558,6ebb038c-ab2d-40c9-9196-df443a5050bb,RECIEVED,
9396693123,3a6aa51e-0ab2-4ba8-9e12-a08a668f0bdc,RECIEVED,2022-06-06 08:12:00
11613748,c737041c-6b43-449a-9e90-901ff7f24b19,RECIEVED,
4283352289,cba00003-1f4a-4dff-b8c9-893551353fb2,RECIEVED,
4283352289,0cb04746-6434-4694-8a61-0dd3007fd3f5,RECIEVED,2023-03-23 08:03:01
4576564995,f1de91d0-13b8-46de-ba0c-439327f06294,RECIEVED,2021-06-18 22:53:46
5736287257,581075ed-fe2c-4ae3-bca2-d81f01b4c427,RECIEVED,
3560401268,68784e45-f726-48ff-bb3b-598b0b7bfe36,RECIEVED,2020-07-23 02:43:23
2025499215,93654575-c7fc-45a5-8698-6e6993ff04cc,RECIEVED,
4080642571,aaaf0973-f55f-442b-b899-001ad2112c95,RECIEVED,2022-01-17 06:11:48
7912200167,b8c0abb8-3aab-4d68-b543-71a09e7cb519,RECIEVED,
8433146213,1ccee3fc-c5e7-429f-9086-39cf9bced18e,RECIEVED,
9756414692,1332fb32-ad12-42ab-84d8-11518772ad4b,RECIEVED,
228840366,8ad80e54-e123-4588-9cfb-92be040b891a,RECIEVED,
6503290316,b466defe-55a5-4d8b-aa5b-a6458c1567a7,RECIEVED,
6178648830,20fc33d0-e62c-4da1-a1ee-9b1436ccabf5,RECIEVED,
6621345980,7d3d4fe8-49da-4891-8972-e8e6f102389c,RECIEVED,2023-05-28 16:19:36
2876620789,5043584d-02ed-429b-a51d-2e2fcc2383d4,RECIEVED,
5188477931,660b4209-9e0b-4f66-adab-a12337e89bf9,RECIEVED,
8200662831,b4207cd6-ac75-4d15-9b49-1657a7df4628,RECIEVED,
8620603579,9d7c10c4-7161-4e57-84fd-a21e52c62250,RECIEVED,
1482759166,964bb0d4-6629-4712-b802-e4113a4079aa,RECIEVED,
271483186,1d1b6eab-c4ba-410b-950a-ec2934efb3bd,RECIEVED,
8538716950,4f0f72ab-1fc1-431d-aac1-ec2892beb208,RECIEVED,
271483186,496ff932-8043-488f-a4c4-082512180ef4,RECIEVED,
4758599875,389ae7e2-3b62-4e6f-8d45-5f3aea2e9737,RECIEVED,
1807881572,ce75a503-8b31-49cc-b783-dc05e9282761,RECIEVED,2023-07-30 03:57:54
963554309,fba9d339-b5f9-4ad7-b642-c0d5c934e929,RECIEVED,2023-04-20 06:53:28
1462641891,ca1436ea-4c87-4328-be5e-1845f7c3395c,RECIEVED,
159915558,206d8157-75c3-44fc-8951-af755e338767,RECIEVED,
4097716004,ee6194d9-390a-4704-b47a-3c8930889f5f,RECIEVED,2021-07-20 14:49:00
8361590003,cfecc99c-6e89-481f-a8cd-7c76acead930,RECIEVED,
2745324337,39e52795-f732-438c-8b18-e5e1a7713299,RECIEVED,
5637757018,406d608d-6aad-4525-8d6a-4d9b5c194068,RECIEVED,2019-03-26 20:17:47
6840482896,6cd4f0e6-3ffb-4f29-90ae-8ed103737760,RECIEVED,
7808382696,5fd73e2b-1c03-4656-a33f-dd62e11421a8,RECIEVED,2022-07-22 16:29:55
647121627,1a19a780-50b1-4acf-aeb2-a4e137438532,RECIEVED,
5660900517,d1b65383-8b22-4a44-9df9-8d66f7c4a50f,RECIEVED,
4587393410,56366383-aed9-40d7-a028-1f9c6a914023,RECIEVED,
2790734846,f2f225d4-9420-43a8-935f-7dfb5bc22554,RECIEVED,
5147608654,e04c8fff-ecc3-4f1b-88a0-e7ee83017e53,RECIEVED,
4283352289,eb2e57cf-1c07-4915-9c6f-70976df26256,RECIEVED,
800303968,0627b42c-ee94-4acf-bbc4-629d7a9f3b32,RECIEVED,
9628093290,5bd5266c-68e6-4828-8c15-2cfb71136f30,RECIEVED,2021-07-08 16:42:16
5589278896,a9516c0c-72f0-44b8-af73-6550fbb7ce52,RECIEVED,
6220275911,5543916e-287e-4a5a-beba-3f379b62f7db,RECIEVED,
5309560512,15b41173-94fc-4f7c-937e-45f25786a7a4,RECIEVED,2022-10-16 05:34:48
4374704282,e268ce48-9155-4ab4-a835-30cd42109ae5,RECIEVED,2023-04-27 04:38:04
939821368,39e6eeb7-2b87-4d58-bd0d-94b8581e4020,RECIEVED,2023-05-13 08:06:50
8433146213,bb8517ed-a4fa-4946-99e4-36393bd82d4f,RECIEVED,2023-01-26 02:50:37
3422088622,9eb46682-b968-4c66-9d14-8ed3bd4f60bf,RECIEVED,2023-02-04 04:05:55
9773074845,f602437b-9248-4359-8040-5f9491aafe77,RECIEVED,
4799308565,52346488-47e6-4a09-8004-3a4066133c66,RECIEVED,
7767029334,12cf1aad-9283-45d9-bfec-52725ef1d27c,RECIEVED,
940290137,b979c45b-2cd5-4f68-890e-40619a179c75,RECIEVED,
6178648830,802bc259-8486-4a88-a7f0-d953b0d9479e,RECIEVED,
2887533802,6074e910-9d67-4de2-bda1-c47d45b75097,RECIEVED,2019-06-15 03:18:24
818213413,7166851d-44c6-4ab1-9b76-fb1549cc3079,RECIEVED,2019-07-11 09:43:59
8433146213,fd130952-dedc-4ac9-93cd-028749c55382,RECIEVED,2020-03-09 04:23:38
9221042704,2a636e22-150a-4922-8eba-f68fbf587e8f,RECIEVED,
271483186,fb4e84f6-264b-4f1f-8f14-1632dd144dc9,RECIEVED,
5372083285,2ff3dd5f-fb64-4a6f-b7d6-1807d4050a28,RECIEVED,2023-05-21 05:13:27
9547392608,0be080fa-3b65-4a4c-bf9e-4ab7c4041467,RECIEVED,2023-05-17 03:57:04
6443085175,1e7a4b2d-f699-40a8-84f5-007529d06228,RECIEVED,2023-05-20 06:56:14
3711470391,3548a5a6-80d6-42be-9010-edf38373f1f3,RECIEVED,
6003249038,1cefc0c4-cfb9-4fc4-b978-c6dfbf313dea,RECIEVED,
5188477931,7038706e-e992-4783-bd5d-347878ba7016,RECIEVED,
9984411619,6a73786c-cbd9-40f1-ab8a-9784e5344979,RECIEVED,
4097716004,84dde090-da53-4da2-bd9d-556d2dc99ba4,RECIEVED,
584999629,aa02b038-372f-4f4f-a912-39a4d42cc847,RECIEVED,
6627196685,75bbbdff-9ec9-4df7-add1-c7f610da94bb,RECIEVED,2022-12-23 05:01:28
1377618041,656c0f7e-5565-447e-ba9f-a5f8fc38d4cc,RECIEVED,2022-10-20 09:25:18
5494151351,38ec1ca0-5d87-4f6c-811e-7589864788d4,RECIEVED,
4501304887,49989732-f797-4562-abad-d36da72ed334,RECIEVED,
4557347240,a996e45f-7b38-4aab-b516-c24f9d11ac14,RECIEVED,
6621345980,e16dbc3b-b495-4406-b41a-2a7b7e4f8a2f,RECIEVED,2023-03-19 15:23:07
9396693123,0a231cee-0283-4f36-9c7f-a822ec4feff3,RECIEVED,
209323986,24bf59a7-a1b9-4607-9c61-55c1fff4e58a,RECIEVED,
5738629652,b980e65b-1819-4e26-b413-96c796188463,RECIEVED,
4080642571,d59f9d98-5a12-4854-974a-292b39d10e78,RECIEVED,
2046650761,59332f52-35b5-4c77-83fb-914d276e3eec,RECIEVED,
870446430,694cd288-777e-468a-8113-ecb85f9c4ae7,RECIEVED,
9396693123,dd529cc8-7cec-40ad-b732-42e9f20e12b9,RECIEVED,
2228345018,a6fa9104-daa9-4915-b42f-8df843fe9c2e,RECIEVED,2023-05-10 13:21:32
9265573723,6b74ac8c-e4af-457b-add3-55cee1635cfb,RECIEVED,
1774413549,215ac897-33ac-4db4-87e9-8f83380af814,RECIEVED,
9221042704,69711d66-06fd-412d-9bf3-a69844d65f93,RECIEVED,
1829502814,22670e2a-cbe4-4639-9119-7565a1dbc1cd,RECIEVED,
8200662831,46b59e2c-98a5-4f42-bd51-77c6c8920175,RECIEVED,
7820345751,f91e75b8-b9ac-42e6-b264-3ecff1fb0584,RECIEVED,
2595336813,093beeae-ad36-4590-a351-4d91b3a04a91,RECIEVED,
3159216828,4d6f116d-c2f9-4222-acfc-aef15afb125c,RECIEVED,
818213413,4fac2aef-662b-471b-bdc2-1340ca99bcbc,RECIEVED,
6495073379,c655dd56-edb8-4b70-9016-c585b1e36abd,RECIEVED,
586195478,325e812e-9a7e-4aad-b3d9-ba4453a90335,RECIEVED,
1504426825,39c917dc-6564-4451-9e7b-65ff73e6e60a,RECIEVED,
7912200167,385e2373-4c5c-4b6f-a36c-90d12eeb2ab8,RECIEVED,
6532530115,7477df31-4554-47ce-a19a-bcd3930e7b06,RECIEVED,
6840482896,f75fa473-25d5-44fe-9c21-0287eaafb397,RECIEVED,
6840482896,f17df59a-0a61-4b42-a55f-a09cfa965360,RECIEVED,
7767029334,23e02071-d390-4675-9f72-b8011fb193cb,RECIEVED,
584999629,1f8030bd-6b65-457c-b197-9e3e16a6b4cb,RECIEVED,
6431793595,9ff311f3-0c54-4b4c-9103-c283f02f0255,RECIEVED,
2621712598,54eba1dd-cfa9-41fe-8a71-7f37869f38bc,RECIEVED,
8620603579,b4fc618e-2137-4846-9d8a-d8f9c3101075,RECIEVED,
271483186,bc2fb0e3-8d27-4125-85b3-c34e04f2327a,RECIEVED,
7055849256,3cfafb85-5732-46dd-b058-bede3b8da17e,RECIEVED,
7767029334,4491e676-ebde-4e67-904a-e218f5e8d916,RECIEVED,
9491516965,3fcc26c6-5327-4910-8778-05717787dd0b,RECIEVED,2023-05-07 22:45:39
3747988167,d1ba2400-b20c-4df1-95c9-20c03cd9e549,RECIEVED,2023-05-01 23:34:42
1829502814,633ca97e-ba66-493c-973a-02482c03df4e,RECIEVED,
8830649550,e8406a63-b932-4da7-8c22-58d7e5dea120,RECIEVED,
1038050193,b413acde-7a61-42ab-a64b-f4103b465aa9,RECIEVED,
1038050193,a110dff7-f89e-43a5-97a8-4690dba9492c,RECIEVED,
8766990364,d1f0a677-2ad7-488c-884e-05aa2d0d9c82,RECIEVED,2023-05-15 23:46:59
8620603579,2e7a0798-9432-48dc-b3fa-0cc888858f01,RECIEVED,
7739742536,50803ac3-6d02-428d-b4df-9e32bc4196a3,RECIEVED,2021-12-26 13:59:06
9755168495,561a97ff-83e5-4faa-8289-1bf514b66610,RECIEVED,
1193652980,70685543-477f-44e0-9899-d1078884f8c7,RECIEVED,
3895399973,34df7c80-21f1-4374-82c0-77a4c8f11c68,RECIEVED,
8571669455,497ce323-70c2-4abf-934a-4e84ab608cf1,RECIEVED,2014-11-27 23:42:39
2228345018,7eba0583-f0d0-42ec-8423-5a13f2bea378,RECIEVED,
9628093290,04ba3976-0805-4a31-9d5e-2508dd0492c7,RECIEVED,2020-02-03 11:59:00
6134726993,6b39bc8d-eae1-413a-975a-30ac577dfa03,RECIEVED,
6790260970,404e2e58-5acf-45fb-980b-27be381a0d7e,RECIEVED,
3241854815,c8800f3b-8809-4e3c-868b-246346c35647,RECIEVED,2023-01-28 02:31:03
2228345018,93f0f74a-524d-46e4-af6e-917154d0b290,RECIEVED,
1413119283,0bcf370f-8e69-4008-b5c7-069b2de72715,RECIEVED,
8200662831,02229f10-6f4b-440b-86cf-347d8c4f9f4a,RECIEVED,
1504426825,08dcfb1b-8fb4-41cd-b3b8-31eb4eb9c141,RECIEVED,
9756414692,98734795-b6ed-4461-9576-b0f2fc8262e0,RECIEVED,
1551726750,b697fba1-1746-4adb-b9d5-c6a138d9ab78,RECIEVED,
2700310789,b6102091-f3bb-4946-8b8c-ab9f16c10389,RECIEVED,
5372083285,752e46b4-ef23-4a51-80c4-357462cdb129,RECIEVED,
8506186248,6937e7be-51eb-4b47-8e8d-d4c191569830,RECIEVED,2022-08-28 10:59:52
6844227717,b714a956-4a59-4d5a-acad-5edaf8c129e4,RECIEVED,
2745324337,e126946f-3721-468f-a3d5-b87b0b004200,RECIEVED,
8702995302,27fe871a-7e15-45c8-b1bd-72ae9bd8e5f9,RECIEVED,2022-03-03 08:02:48
7739742536,6dcfd8c1-1fe7-4ea2-8f8b-14d52539904b,RECIEVED,2022-08-30 00:26:13
6134726993,b7110365-4ff8-4e7c-a0b1-fadcb2210018,RECIEVED,
6220275911,9aa0cb3e-f527-4bbe-b52d-bffd3182ce0a,RECIEVED,
5494151351,58723d52-36b9-4e28-9721-0742d666c25e,RECIEVED,
2838782885,7bacb750-1fcb-4bb9-9527-beda2055af0e,RECIEVED,
1185852633,65920325-79be-4237-8230-5ef5ca8771cf,RECIEVED,2022-05-05 23:19:49
7417630179,adf8bc5f-deb7-4e40-b5a3-81fdec20c56d,RECIEVED,2023-11-27 20:24:29
1964133806,c5d6747c-52c2-4174-b76b-d0ce84aa3c35,RECIEVED,
7588764429,1ab6cdad-a911-4dda-94c9-a38a0d2d6ace,RECIEVED,
6840482896,3108318f-4498-4a10-acfc-8d4e0e891ffe,RECIEVED,
4501304887,ba79a523-e8f7-4d48-8b12-86d92b92048e,RECIEVED,
870446430,1f7a9d38-56cb-4911-a753-b8ff1188f1d5,RECIEVED,
3560401268,46c4181c-641c-4a2b-820a-9ac0ed8650d8,RECIEVED,
5589278896,ead137cd-85d7-4e73-8c9d-0bd54dbd5b9c,RECIEVED,
8503283263,b0ff6171-306b-4ddd-9f10-8dbc9ebdbd24,RECIEVED,2017-06-22 05:46:12
1504426825,e06de66d-bad7-405a-89ac-3773db774c77,RECIEVED,
8503283263,6a03267c-ed3e-45bb-a19c-91d2d332ae09,RECIEVED,
434432653,f576a6e1-a3bd-4e5d-9173-ee5bfaef8a9a,RECIEVED,2022-03-15 22:38:47
5147608654,608b4f1a-0998-4f63-98d6-a64ace52123b,RECIEVED,
9372250965,44ce6879-76d7-4177-b910-fb7819e436a9,RECIEVED,
3054631650,8fba0058-68fa-4494-9e0c-a93cd3728cc9,RECIEVED,2023-01-31 04:43:42
2745815706,d665e6bb-72e2-4778-b595-3aa70314e457,RECIEVED,2022-02-06 04:29:05
6890899929,d65519d2-6c18-4e8c-8fd3-5a103f39795a,RECIEVED,
1504426825,9eafdae2-cb5f-4b9d-871c-962752b21ff8,RECIEVED,
5825383858,eafd216f-f9e9-4c51-be58-ef1e9d7c713a,RECIEVED,
9991803636,c8a9936d-9258-4aa6-906c-2a92cb4e01a5,RECIEVED,2021-12-14 22:39:57
2595336813,8ce98367-7936-4e90-a2ec-439cde58692d,RECIEVED,
2619678030,50d72418-b9ee-45a2-b5eb-6668af47b719,RECIEVED,
5272250338,40ef77fc-eebe-4f74-b1c1-b3e67996fc58,RECIEVED,
3711470391,1afe8568-f492-4ae9-b859-0d0490b53d89,RECIEVED,
4283352289,f430558b-cc8e-4ef2-aa2b-3302c6ac5ce9,RECIEVED,2020-10-18 22:31:05
5736287257,289612c4-32a4-44d2-a38d-954e47a48726,RECIEVED,
2483206814,fab30f4b-ca3c-4707-8eee-12cb07c70bfb,RECIEVED,2023-03-17 00:58:38
9559172225,5cee902e-b99e-423f-92ea-e85a8e071a56,RECIEVED,2023-02-23 08:59:42
2745324337,a228c2cd-8631-4a68-9759-986b5d76c429,RECIEVED,2022-11-13 10:09:39
877520427,25bad6c8-0a10-4f19-a96d-74c3c0aa1d2b,RECIEVED,
1964133806,7fbe3bd6-1417-4dd7-af8d-7070a5890f55,RECIEVED,
586195478,6ac2fc82-d262-4f50-9ac3-5be08c940226,RECIEVED,
9755168495,4be1dbf4-5298-4610-abdc-ab9db89a0852,RECIEVED,2022-05-25 05:58:21
9221042704,b952d3cc-aa72-4cb5-accf-6bdcb8708c21,RECIEVED,2023-04-22 04:54:17
4097716004,66c358b5-56e3-4c18-9f3f-13b440c8d47e,RECIEVED,
6522860246,3f0d27a9-a8ba-416c-bfa2-fb0e18dfa562,RECIEVED,
4374704282,9066811a-1967-4463-938a-1a1e9c07ad21,RECIEVED,
2594795777,cbd82825-5969-432e-b458-269c137d52fb,RECIEVED,
688766522,961c1f4c-4248-4f47-a2b5-724500d2cec8,RECIEVED,
7594500430,79f30de6-aa1b-46e8-a704-e8bbad49c88e,RECIEVED,
209323986,8c8b2d63-f819-451c-91cc-8bb8827a39dc,RECIEVED,
3711470391,49102e68-5d88-43a6-8909-b830dfa8e233,RECIEVED,
6736184097,7285ebdc-60bb-4d5f-94ff-db83fd18a04e,RECIEVED,2021-05-12 23:22:05
5147608654,5b6bc526-26b1-4c2c-8365-5b3cfa7861c6,RECIEVED,
790023015,cbc16da6-ebc5-4e99-9b8e-292f527485ee,RECIEVED,
6431793595,8c2eaaa2-a8d7-4474-a6ff-638082b074fb,RECIEVED,
8433735032,0e392aa7-6deb-4761-a6c5-c91b9f3f2734,RECIEVED,
8878297557,44ec31f5-897d-4539-95c7-1c775d377f04,RECIEVED,
5872878328,009a02b8-1b96-46a1-9475-31d597d27a9f,RECIEVED,
3153608734,f3d8a533-a104-415b-aa7b-157478d85a1a,RECIEVED,
6306242256,2bb614b9-123b-4487-a6fc-961366ff64f3,RECIEVED,
1023146020,019474ed-9a61-4fcc-b450-7af5995f080e,RECIEVED,
6790260970,4ac65dea-afda-48b2-bff1-e007c1b27b52,RECIEVED,2016-10-20 02:34:22
8754213204,69142a8b-ecec-4371-bc24-ec2685a521cf,RECIEVED,
8402882340,33e1e2ea-d9c2-4db8-ae32-1cf0f35b63cd,RECIEVED,
870446430,fba62403-3ec7-4d4d-a072-6bd33f56c72f,RECIEVED,
2025499215,784079fc-03bf-4174-bd7a-fe34a90e3fd8,RECIEVED,
2411873662,372b7d77-c6ed-4667-9632-ab75c9ca03f5,RECIEVED,
6736184097,d283fc13-02ae-4c5a-9809-a49d45412c15,RECIEVED,2021-10-08 05:37:28
5513331145,a4726d7e-99a3-46fe-9fa8-5c73745d6782,RECIEVED,
9265573723,5e44f781-fa67-4c94-94e1-b041e42e93c6,RECIEVED,2021-12-26 11:08:07
2487461988,f3b0c993-5665-438a-98c7-f02b1bf5db18,RECIEVED,2023-05-16 04:43:00
6532530115,f8570309-aa41-4096-b920-70c012e26334,RECIEVED,
2411873662,23f80221-499d-4e29-9285-450c3b24a90d,RECIEVED,
1413119283,e9323f02-a717-4846-ae24-8f5f0564eb20,RECIEVED,
7055849256,164daeca-9dce-4679-a275-a365f14803d0,RECIEVED,
3159216828,c794b5ae-294a-48c0-b979-db031e386c87,RECIEVED,2021-07-24 10:07:27
7706785281,55e5d746-21de-4bf6-9ab9-a21db67187c7,RECIEVED,2021-04-22 23:22:53
8200662831,36472c53-294b-46ce-a718-fff106a1eb3b,RECIEVED,
6243006842,89cf6bc1-9b5d-4990-9817-67c3a66ce8a1,RECIEVED,2019-09-09 10:53:48
2483206814,97b4c4ea-423a-4cef-a0a3-0d68287534a1,RECIEVED,2018-11-15 03:43:15
6736184097,becb5748-3586-4c1b-a5b3-5cf9e0454a6a,RECIEVED,
588147353,3f9ba0dc-0ec8-4eb8-8da9-87eed1e459bc,RECIEVED,
647121627,3abe1e99-85d4-46fb-afd7-282aee472323,RECIEVED,2023-01-05 04:50:14
7058491945,7f6138e3-9b76-4e24-8a10-518f84abff53,RECIEVED,
2621712598,78ad281d-5fa6-4add-af8a-40faf05ecb1e,RECIEVED,2022-12-09 03:10:42
4283352289,99160e88-6d97-48e0-b6ed-578352d9ba80,RECIEVED,
9831319473,d9621d1e-609f-454f-a50f-5fed2e2715e3,RECIEVED,2016-10-12 12:48:19
331823380,ac4106bd-1d17-4ed8-bb22-422f182fd70e,RECIEVED,
6306242256,17dc323d-b797-4504-a9c9-4f66e63edfe3,RECIEVED,
4143790473,0bee6c30-873b-407a-93df-9423a5fa54ab,RECIEVED,
8830649550,4935170d-bfa3-4df0-90cb-a2f451dcd5fd,RECIEVED,
2228345018,ed2b9783-77d2-43ca-a03b-2657fd419f3c,RECIEVED,2018-06-14 08:23:38
7569649048,e81ea16b-ab83-465c-bbfc-4f1ad4e71a2c,RECIEVED,2020-11-13 08:01:19
2595336813,8db9d1fc-32cf-427c-8a3b-b26c7149bca9,RECIEVED,
4501304887,38abf4e3-10f8-4c1c-9484-2ed56fa01505,RECIEVED,2023-03-25 10:59:16
5660900517,8b9859f9-b3b8-4cd7-9905-b8b1c30be03c,RECIEVED,2023-02-27 12:57:20
3054631650,9125e7ff-51da-4bb2-8012-4a7ec56f69d1,RECIEVED,
2619678030,720dd0be-28c2-482d-a337-a07bcf8c3c00,RECIEVED,
1774413549,d2cff9a8-0799-43a1-be14-d8e13be7ae78,RECIEVED,2023-03-27 19:01:22
7820345751,6bcaebc6-b382-4332-9a89-8468a0d80e33,RECIEVED,2022-12-12 10:59:34
4176155554,93607629-22d0-471c-b22b-cf9dd3a1bdb7,RECIEVED,2023-05-29 23:25:52
482963666,65c068d9-92f9-46fc-81ca-994a8502ce95,RECIEVED,2023-05-03 03:32:17
4221035886,851e301e-4008-4f7e-9bcf-d1401e3c2994,RECIEVED,2018-07-15 20:38:19
5637757018,43b0c4e3-28f5-4add-bf8e-9b23f6af7ef1,RECIEVED,
963554309,51ba9ab4-0978-4489-a16f-1455e3fab473,RECIEVED,
6532530115,9ef463eb-90b5-400c-8239-a2dec0eed8ce,RECIEVED,2020-10-20 06:53:21
1964133806,8b8571c8-2fd3-4ae8-b414-79567a460f02,RECIEVED,
6503290316,ceb00099-0dba-4144-99fe-666ead2885be,RECIEVED,
3895399973,3b968a12-7bb5-4e30-a08e-0083510f982b,RECIEVED,
8433735032,405d7459-678a-4bc6-ac9c-379a83143310,RECIEVED,
9452759753,3f6f65a0-41fa-4eff-b571-9b246d67b453,RECIEVED,
5825383858,bd604b8e-3d3e-4b65-a04d-4e114eeaf104,RECIEVED,
963554309,d02211b7-45e5-47ba-9943-cdebedddb1ea,RECIEVED,2022-03-12 12:47:48
6431793595,e8917d1f-e1cf-4c08-a6ad-8f38898353ee,RECIEVED,
4806993889,6d6d7764-e4b3-4d18-b8ae-4bad50b94409,RECIEVED,2023-05-24 00:11:40
5203999706,48bb077a-e9a7-4699-a6cf-59a89189ef59,RECIEVED,
2930610502,fd433ddc-0441-43c8-8cbb-7000a2140471,RECIEVED,2023-05-01 09:19:15
7358150243,0f2d0c2a-779a-4c3f-800a-d4f2ed044df0,RECIEVED,2023-04-16 05:32:34
8503283263,acc2e108-d4d1-48e0-91db-d40f4deed453,RECIEVED,2020-10-10 14:34:30
7507314698,3ac363bb-d5b6-42ca-91e7-499468831c23,RECIEVED,2020-07-28 22:37:17
4374704282,35a0c448-08b8-4202-a96e-741da4dda0e4,RECIEVED,
9628093290,c9b2c5d2-4082-429a-a0a1-aa6fe589b6ee,RECIEVED,
8878297557,15865a9d-faa5-4c72-8815-bfa00a568739,RECIEVED,2023-05-29 03:20:22
7365911870,3fe1a0a1-405b-47a3-a8cd-3b075eda6248,RECIEVED,2023-05-19 15:14:13
6003249038,dd1f9070-340e-4777-8b38-25b16833f904,RECIEVED,
4758599875,50d03303-e864-455f-9485-4287bd72923b,RECIEVED,2023-01-01 21:37:38
4080642571,2bcab48c-422b-4833-933b-75b992aa5e21,RECIEVED,
4143790473,feb847a9-cd71-464f-bd4e-0ab7b3d32823,RECIEVED,2023-04-14 18:00:01
6790260970,e0d9ab6d-49e3-4fa2-923a-dcd3c72e22c1,RECIEVED,
1185852633,04b7c716-4d33-4e5c-b173-07b9d6f52115,RECIEVED,
2025499215,384d1302-eba6-4114-a51a-f187baca7e93,RECIEVED,2023-05-23 23:00:00
7365911870,244aa35e-ac38-4217-a73c-11024c6c50de,RECIEVED,2023-06-11 14:02:20
4097716004,224346f8-e8e0-4888-88fc-6266f1dd0498,RECIEVED,
5309560512,64ed0ca4-1cbe-45cf-9842-0e62d0b945bf,RECIEVED,
1023146020,0c6fae6d-95ac-4cd6-bb65-5ec85d389e82,RECIEVED,2023-07-06 07:04:11
8402882340,cb1a8d71-0324-48cd-8606-3efe241628b6,RECIEVED,2023-11-04 09:20:51
3241854815,fc09a15b-b2a9-46e7-8238-1d39c8a824cb,RECIEVED,2023-09-06 20:48:40
7706785281,622c6992-8605-406a-8b59-8bb8a6837c4c,RECIEVED,2023-06-14 03:20:25
790023015,60ce5217-2b9d-4181-8653-c204ff02e979,RECIEVED,
6003249038,8984be1a-45a2-43fc-81b9-586897ce4a1e,RECIEVED,
