:START_ID(Person dpi),:END_ID(Deposit id),:TYPE,date
79,051baddf-fc6e-45c4-8c05-3dc99ed66d20,MADE,
147,89715976-b240-4578-8bcc-6fa594bff318,MADE,
171,0ce31cb9-d94d-49e0-bcde-b7d2770b8a39,MADE,
108,b50387f4-0cca-489a-9ac9-60a46e82832e,MADE,2022-09-13 10:57:40
83,b2559feb-e17e-4a33-b7d0-37c32f837aad,MADE,
171,780e7487-6b1d-4dc6-b215-e0d7ba11e2f3,MADE,
38,0f1b93de-3494-4e7e-ba15-363c57197b5b,MADE,
90,5f87363b-9ef2-4b44-b99d-6158311966ab,MADE,
95,947eaaac-e329-4ee3-8eb5-26c93b23f6c4,MADE,
69,3f0131ca-3ad8-48de-8e08-b05396a077d6,MADE,
23,a9ebcf77-b966-45e6-a77d-150da825a245,MADE,
162,52d59e49-f0dc-43fc-8475-8a626a944984,MADE,
66,457efedf-71d8-4bcb-a342-24d8dfd2e760,MADE,
112,0de12e6c-b873-4c0d-8f8d-dacd925ba9d8,MADE,2022-10-12 00:23:06
103,63e8486d-a875-4971-ae35-5ff5877f19cd,MADE,
99,fe8ae553-4bfb-40f3-95ca-e06a68a6613a,MADE,2023-03-21 16:06:17
65,cd82c91a-70b8-4082-a54f-4cffa02cde19,MADE,
24,52363e94-8c26-44a2-b0d1-ad18ae0345de,MADE,
168,a548cada-d500-40ad-ad05-bef7d3a2534e,MADE,
51,42a7a3f4-162c-4f99-a223-3dba7ccf94ee,MADE,
72,eb1ddbf3-2f1a-4264-93c4-cfd2ba3e9450,MADE,
198,6484f4e5-0d1e-4d85-984b-41c73c3a5f43,MADE,2023-04-07 20:45:23
140,24151002-cff3-4459-81e1-3796e0886437,MADE,
92,7ad23d03-aa10-4955-b007-5477e5f2b793,MADE,
199,e8ff1192-8855-44c6-b6b7-31491fb42f4b,MADE,
41,7d51cc31-3e73-4eaa-99a4-c37b3ffbfd4e,MADE,2023-04-22 22:57:40
134,617efb9c-6c6e-4b16-9f65-397d6a26f2ad,MADE,
73,8e05071e-61c0-4004-8941-04cc1e61564c,MADE,
22,c15e669c-dcc5-4bb9-a654-652ce4ddc189,MADE,
159,e5842920-41da-4e08-87f8-f7801a5ca8ef,MADE,
93,c387a6d1-90a1-470e-b893-73344f6ce8fa,MADE,2023-01-15 22:34:56
169,8ac9be5a-8827-4da5-b4cf-e2fcacec3471,MADE,2023-05-03 02:37:56
23,26bcc9c8-49dc-445d-aba5-061d2ed14b5d,MADE,
121,aa986143-d13d-4704-ab6e-9613c8147903,MADE,
74,dba49700-c944-41b1-b7d8-8acd61536c01,MADE,2021-09-23 18:09:43
36,545461b2-316d-4549-95ab-3da38ea9c38f,MADE,
173,af1977a4-a621-4d82-a220-304b6d3cbdd2,MADE,2022-09-25 07:29:01
84,d451aac6-2f14-4ce5-b5d4-47ed239eecbc,MADE,2022-06-24 03:09:38
34,f4819f14-93c5-4a12-8b67-a62badf9ddde,MADE,2020-01-25 14:16:27
191,95a25b5a-f48b-46d4-83c9-dca6ad8d0f57,MADE,
4,a92b355b-a651-4976-afee-d558cd2369ec,MADE,
145,59ca4300-d9d0-46e7-a6e0-9a0fb4c1e2f1,MADE,
185,67b94c41-5ef0-429c-a86c-172b651aad72,MADE,2023-01-19 05:30:45
89,16402ef4-9d21-4f88-8792-60e4adb0624b,MADE,
159,6ee339f0-52ec-4d62-b09c-19a0dad57bf3,MADE,
141,09e8362e-3122-45a4-9380-6840d588cec5,MADE,
191,60356deb-0803-495b-9ba7-d192bed37b8b,MADE,2021-12-03 18:46:17
70,4a95ed50-2fc1-4fc7-adc4-df97e920df7a,MADE,
94,2f75be02-fb3c-421f-88a0-df1631494248,MADE,2018-12-21 19:34:51
44,f9707f34-029a-42d0-8f6e-4688a5373e75,MADE,
182,01eaf502-caf9-4920-9330-e597fb1e6784,MADE,2019-07-02 00:52:57
119,e8c88ead-4bc5-4042-a897-f9a9b75182fc,MADE,
48,af0c786d-8806-4985-843f-722e1b3a247f,MADE,2018-06-12 20:33:12
170,f66b798d-2391-4dcd-89cf-22c6c7cb6b09,MADE,
115,e703bd57-5c88-4353-96d9-30f87c114db4,MADE,2023-09-02 02:48:52
62,1a26651b-dd54-4b8e-b0cb-d4085f76fdcc,MADE,
190,d65189d3-9fbf-41b4-ac98-2abab17089d0,MADE,
13,b016a57c-8765-4627-9480-268a81a10846,MADE,2023-09-18 19:41:16
65,42898314-e238-4d7f-85ba-78f13fb4d45f,MADE,2023-05-04 15:12:36
9,657deeeb-087d-48e2-b95c-28c6a9fe7b26,MADE,2023-08-07 05:03:56
22,9b468a91-da86-43d2-b03c-37f18d88d8cf,MADE,2020-05-12 00:45:03
93,0156ee12-0834-461c-a0b9-31c5109ac43d,MADE,
57,87fdabb5-15fd-4abe-ac16-30510f48276d,MADE,
9,4916a22d-7a68-4e62-be7d-6c756a77f6d0,MADE,2021-08-12 06:51:08
196,fa6c5bd2-f1fd-4995-8535-9494362a0ad4,MADE,
151,4aac1e09-e40f-46f9-9131-fc10a8ed4306,MADE,2020-08-17 19:36:40
12,fe3f5f04-08a9-47fb-968d-f7392692682d,MADE,
134,b66ecada-c5e0-439a-ba2b-cf8a8580e894,MADE,2019-04-16 20:14:38
147,8b989abb-f7ab-40db-a6c7-d65c5ffc8185,MADE,
124,723ffc77-d833-4f33-81f4-069f180a08df,MADE,
173,9356b3da-a1df-4ca0-9ff2-77cfd84de856,MADE,2023-06-07 02:36:48
80,bd04784a-e70d-46f4-8fa2-deff87d083c1,MADE,2023-03-19 03:43:34
101,760799fc-fc24-41b5-b529-c575dc1332d1,MADE,
36,e57d6989-d85f-42f4-9c46-a2a7716df234,MADE,
40,851b012c-6ee3-4863-a471-99e4044caba1,MADE,2021-07-18 03:23:59
44,7d48324d-07ba-4a9a-ba1f-27bcdf544032,MADE,
27,5745a4e1-96f3-4ac5-abf3-08261389220e,MADE,
2,6d74ac23-bccb-49fc-b2b9-08a8074a35e5,MADE,2023-01-07 18:17:48
22,fc041215-f7df-4a67-9e57-6f6e2d000b2d,MADE,
57,e8505f3a-a560-4f65-bf33-4f4c8913595b,MADE,
174,549db8a4-f14c-4f60-bba0-f6aee1ad368d,MADE,
54,e6329ccc-23b3-4d8d-b530-a51a19e7eb5e,MADE,2023-04-05 06:35:44
7,69e5b84b-6862-4d03-80fd-03702a249aba,MADE,
95,07937734-dd7c-4311-997d-1688a2723082,MADE,2023-03-06 23:05:46
10,94b15b53-6f05-4fd4-b2ef-90436c5d4271,MADE,2023-02-08 03:25:06
121,e41384c2-6367-4655-8b25-5842ad22e590,MADE,2023-05-11 06:40:30
82,f7a29d3b-078d-4110-a1a4-35b4437bd7b2,MADE,
1,34773d6a-bfcf-4c17-bdd5-3f058354cd3b,MADE,
174,b629653e-0380-4559-9b00-819e764358eb,MADE,2022-08-09 03:14:37
73,7a0c9220-9ab0-46e9-853d-1b4e3a37a5d1,MADE,
105,847ad896-be2a-4566-b744-573f2b4702d5,MADE,
163,10f015e0-f593-4abf-b13c-ead691e39c1f,MADE,2023-04-26 01:14:05
162,0d4695d3-1011-4576-b3c6-2f1115215046,MADE,2023-03-06 20:55:39
139,99590c0f-c83a-43a4-bec7-b18c450c643c,MADE,2022-08-11 21:43:17
131,f5ab7dfe-8d06-41ba-a359-9172cf447f0e,MADE,
158,43597183-fe21-4e2d-bcd7-524a1fc2e139,MADE,
121,a96cceee-90bb-4fb8-9e8c-58800cd58b61,MADE,
114,1e6ac32f-b592-4b93-9739-fb0bac74796a,MADE,2023-05-30 21:13:33
91,d2dc097b-91b5-41f1-8d96-074b76656517,MADE,
177,ae096d3a-a7e7-4ac6-b4e8-d6a03e09e2e9,MADE,
61,fe103fd3-98d3-40e0-b428-a2bb1985ab14,MADE,
33,452e9491-6a45-4fac-b396-1d9c586f699d,MADE,2023-05-21 04:25:05
55,1e5e2805-6ba2-41ee-849c-161bdcc9c0ea,MADE,
57,70933af9-5d18-4ae9-bf9b-e6732d03d813,MADE,
176,c0be3860-de88-44fb-a080-dff21381f2f7,MADE,
12,a2c3e542-9d03-449a-a9d3-af1ffd6ea0eb,MADE,2022-02-28 08:44:33
44,39c77740-70d1-4fc0-a09c-ffa89fd74e5d,MADE,
64,4e1bf8be-5c10-4d37-8bed-807551f0934b,MADE,
157,50d2001c-851a-4481-92ce-36354a49e9e9,MADE,
114,4b12de6f-c1a4-495e-b285-414e0082b336,MADE,
53,e6fac69c-915c-4fc0-ab7d-8fb0dc4eff62,MADE,2022-12-22 20:20:21
19,b51043e4-9419-4bb8-8d64-8205b9430744,MADE,
96,f964172a-b172-4801-a23e-6b66a38ccb20,MADE,2020-07-19 23:13:25
184,82984719-155a-44ff-a896-b47ea276bf1a,MADE,2023-04-21 06:48:51
144,8f58b26c-54ec-4a22-bd57-14ed0bb8de84,MADE,
145,60b2f9c7-bd8b-4845-b3e2-40b46d4a805a,MADE,2021-12-01 04:01:25
198,f6d8f0bc-8775-4b7c-9aab-e4f01fedf573,MADE,
84,7de16f5f-2472-4859-95e1-9e0cc029c8ee,MADE,2022-11-16 05:30:00
103,2f77e4d9-34f9-4256-8146-4b21441bb64a,MADE,
199,000b64f5-eb8b-4ecf-a0fb-3721af57be04,MADE,2022-08-21 12:33:50
70,556de54f-d96a-4748-8a02-b4b35bb0778c,MADE,
14,734b9b55-eda2-415d-8ed9-df5becd2d04a,MADE,
10,e330d31b-ce29-42ba-9667-c39cc3c64680,MADE,
104,e42422e4-fb4b-4ecf-a26c-1cec5c54a6db,MADE,
49,53672a8a-d108-4343-b8fa-f2af20a1ac85,MADE,
116,21f1fed9-8bf9-48bd-9f52-e2a7bffa9c5c,MADE,
143,73b80663-5612-4047-af36-13a2d3ad8486,MADE,
47,80e927a0-7370-4409-9c33-00bf8d720fdf,MADE,
92,ffa18a4b-ed8b-44fd-97eb-da2f971fcf5f,MADE,
130,29d91232-6987-48f0-9d29-dea18c34342b,MADE,
47,918b46e3-acc2-4872-9ad7-38ab37ec7599,MADE,
140,f89567d7-1406-40b0-824b-c9ea7ffd2949,MADE,
95,9509cbc6-b699-4113-bf02-7a21ff588f1e,MADE,2023-06-29 10:21:33
87,9863fd5d-5a35-463d-a746-d09c47d63ca6,MADE,2023-05-13 23:15:55
53,49f3d223-c240-42de-b42c-f1ff04593a4f,MADE,2023-04-23 20:11:19
64,72195649-13a9-4ea6-b38f-c68285d7a344,MADE,
138,c5af4a70-4bbd-400b-aaa1-726cfd1f50fa,MADE,
106,7de40ae9-12c2-4679-b786-c0495a8327ca,MADE,
186,982d4a83-e2cd-4825-9ddc-bb64fb706729,MADE,2018-02-10 11:54:14
127,51f07085-19bf-48db-b6d1-3928ec25c527,MADE,
152,6bf44eeb-2ad2-4858-bc56-b08fda6e2a0d,MADE,
85,e0bff518-0780-4dac-9d6b-2ca3a72c603c,MADE,2022-08-25 19:34:34
152,b3bc6581-588b-4cf6-a0a6-8215e798a2f6,MADE,
161,0027feee-534a-43bd-a10b-e7de971f90d7,MADE,
140,9c263366-7243-4fb7-8514-c5824d520ee9,MADE,2023-07-03 06:49:10
175,b6284e36-0e70-4bc9-9d01-74f8515a20f6,MADE,
198,986375ce-4a4f-44b1-a4a6-bb65a1a9dd06,MADE,2021-08-24 14:54:57
124,3fca63bc-ff8f-431a-8bdd-d888cceb0a52,MADE,
109,990d1a2e-69e5-4c69-a49c-ffbcabc1e3c0,MADE,
15,3d36b3eb-1462-48f0-8861-3d8fbdbf9351,MADE,2020-11-13 11:19:27
30,6ae0dc12-480e-4c97-b931-7151bc717779,MADE,
57,bbf047da-43ea-4c2b-8e1e-5e23d62155a5,MADE,
118,b76ae5e4-8a69-4085-8f0a-382d0574f541,MADE,
26,a27bacce-afcf-4658-920d-939306d9fb82,MADE,
200,ca1c7646-0158-47be-842f-d2da3d7aee33,MADE,2023-01-02 05:58:37
129,a47dd6e3-fcaa-47fc-9d9d-293bf4e17c7b,MADE,2023-03-29 04:47:10
64,ef1e75c6-f2a2-4831-8e8e-2730915e244f,MADE,
42,db0e0045-12a4-4915-aa9a-00ddcf2a7885,MADE,
24,3b65afbe-b491-4bc8-be3f-8c79264cbf98,MADE,
55,611ad5b2-028a-4af3-bf3f-7bc046f0f7c5,MADE,
59,07df875a-bd1b-4496-816f-2388d8665d46,MADE,2023-03-15 11:54:52
77,85930169-95d8-4383-a273-d756d6522518,MADE,
175,2a6cd537-4b92-420b-b286-5aa794f24155,MADE,2023-05-16 23:40:30
195,6f8a1c64-44e7-48b8-b03b-4cbf26401c2d,MADE,
193,d7233aa5-9fbb-4e03-895f-41387491cb96,MADE,2023-05-18 03:02:50
194,2bb54e1f-7277-436b-8e6d-d5617e253c90,MADE,2022-02-23 13:17:05
172,4a0f1548-4e8e-467d-8a29-3a06135dd802,MADE,2022-11-22 18:37:54
48,93f1c1ec-b2f1-41ad-b193-f63c382e5918,MADE,2023-03-11 10:36:32
74,f1895dbe-1d1b-4532-835b-cb6db0b81614,MADE,
104,8cc57d8a-e25f-4aa1-b06b-fa31266433bc,MADE,
44,bc9b10f8-45bd-4e5a-8f37-7db2c7e4de6b,MADE,2022-06-18 07:50:42
60,f0c2b8dd-2e6a-4cfc-9e1f-e47ac7a9f0c1,MADE,2023-02-08 16:44:17
40,932a923a-f10d-45bc-a946-fc33eee9e781,MADE,2018-10-22 01:10:34
80,77940bb3-1186-44d3-9c9a-0c4f9a662d0d,MADE,
99,e97d2f44-ad41-41ef-a7d2-cab3534e733d,MADE,
89,661023a5-eae7-4c29-8663-0c3f18da474d,MADE,
33,d919c391-7e34-4341-817e-937af6a9b95b,MADE,2023-04-17 19:58:35
46,bd5ef52b-fc5d-48cb-87a3-fedd39434c04,MADE,
109,acdaa686-7406-4dc2-9bb9-f73e0c49ac35,MADE,
188,3357e94e-2c5d-402d-8f41-ec115cd6cc5e,MADE,
73,998aec00-b1a5-40f9-a912-1247e98bfc0a,MADE,
159,00508828-e6f3-4537-bd65-56979ecd69bf,MADE,
8,2ce84e2e-d6aa-4be6-8d9c-6003a0d1f9c6,MADE,
120,e9185b2e-c1f2-4b51-a694-06b36f26e25c,MADE,
93,0d10ff0e-80f3-4f1f-9b6b-9adf68e34cee,MADE,2023-05-22 20:45:29
82,a054366b-7920-4c51-9261-53faa06c4f0d,MADE,2018-06-26 21:18:13
109,a2cca230-2987-4c20-94b1-e59d5cffe0df,MADE,
26,3c6c9635-e7f8-41c2-963f-111d96938a59,MADE,2023-03-23 23:08:24
64,14efc818-122e-4521-9ba9-1f2f2c3ae0f9,MADE,2022-08-19 21:54:35
163,82113013-0da0-4164-ba08-f60e8dc9d352,MADE,
164,9dc85d0f-7067-4aa0-9316-2877d63c7436,MADE,
7,1a80003a-7705-4d2b-95a2-1836675275a1,MADE,
48,85c35adf-a84c-460d-a404-e871245a0b96,MADE,
161,b2f9196b-21d5-4c06-af0d-e16c022a177b,MADE,2020-09-26 02:01:18
109,6c522847-26eb-49ce-9d60-0da9b2b9c7c7,MADE,
28,5fecc4bd-c22d-49d5-9398-d73dd989fbfe,MADE,
12,53f3c545-9668-4244-8722-5a43568e3352,MADE,
172,1111b0a0-8c70-4f4a-a7d1-9971ee9eb930,MADE,2023-05-04 21:46:25
77,28dfe2ee-1f27-42e1-85d5-c078df086a23,MADE,
73,cbc60d3c-edd7-4829-aee1-630d48528c05,MADE,
200,ba11b954-9953-449b-830c-83fc46fb3a32,MADE,
100,8c18cf24-80c1-4167-8382-4b0a2677e119,MADE,2021-08-28 15:32:06
16,ce90e7fa-f513-40de-9c02-f666090fc42e,MADE,
68,f8723e4d-811d-4675-a715-ca79eeb3ffb3,MADE,
189,2938ae72-f68b-4ec6-894e-123c341507f9,MADE,
50,8ebf1f75-cc8b-4d79-9616-6fef7178aa8e,MADE,2021-11-02 08:50:58
128,5e5ce707-4252-40c2-9995-0dfba1e9ad0e,MADE,2022-11-02 05:51:08
44,0f21f9a0-e723-4f42-ab4a-2573089be5a3,MADE,
40,6701e9fb-1fc9-45dc-a90e-bea44f065ae8,MADE,
122,40ff4096-641e-49c9-93ca-847e33d81166,MADE,
120,61d9b836-e677-43e9-9419-ee87f0d7e0c7,MADE,
53,18f744bb-f03d-4a08-adb9-3a5444e00845,MADE,
19,4a251844-2f7a-4ca1-a646-53e2d64ad7b1,MADE,2022-10-30 18:56:39
132,5b2438b0-7b17-4f78-9666-16af90e8d335,MADE,
48,938eb2cc-f874-47c3-b0a3-f441d889ea23,MADE,2022-08-16 17:03:24
77,d72e1bc1-ca3a-4a5d-9d1e-2691b39381d5,MADE,2022-09-09 23:25:08
28,a7ae916f-5ad4-42cc-89f4-4ca5b48b59af,MADE,2023-03-14 23:22:54
17,c519dfbb-cf88-4517-a516-4dce11e58e8a,MADE,2023-02-12 10:10:40
1,574efbc6-1e6c-428c-9195-3c1dde2cf7ca,MADE,
35,ee2f80b6-aa1e-4e94-9e2b-11cc1ebed1a0,MADE,
182,841087d4-4c08-4308-9fe3-a4351d70ab77,MADE,2022-09-05 02:46:46
178,39070986-26b2-4688-b530-49e3490b6f53,MADE,2022-09-07 21:39:44
180,b105f602-ef49-4c73-aa3a-de9f8b82194e,MADE,
139,b6c71c5c-b422-4640-b7bf-912923a9efd3,MADE,
153,bfdec1e6-af75-4f4b-a3f0-709eba414175,MADE,
111,af7472fd-96cf-4ee2-93df-06c3316c8891,MADE,
26,33315007-764d-4962-8540-0fff9546cea0,MADE,2023-04-16 11:18:42
30,b35fdc68-eca0-4094-8a12-cb460f4c7920,MADE,
148,a3caf8ea-9db1-4d34-83bb-40aa976333c5,MADE,
94,a24bc18f-e85d-455b-9bbe-a25176af0239,MADE,
68,c0b3747d-5cfc-4e16-980a-41727e8861bb,MADE,2022-10-19 08:11:29
102,ddd4a7f2-24b4-498b-9bc6-bf96f621cdc3,MADE,2023-03-24 15:10:03
56,e776c221-1c30-4338-80bb-39bac99768f7,MADE,
164,339f51a3-9887-4a9a-b5b5-e200ebdf1236,MADE,2023-05-15 14:51:01
151,bc9f797d-253e-4c58-835d-64e6e2b79537,MADE,2022-11-08 04:29:41
66,9ab041db-361c-4641-901d-26321168142e,MADE,
146,9ae7b1bd-6b9c-49fb-a250-d7b6692e6d68,MADE,2018-10-22 12:48:43
182,bba20d6f-f180-469b-8f0c-06f9c8c8b944,MADE,2020-02-26 07:40:03
117,48c6d70c-6cb4-42c4-9322-60d8dd607aee,MADE,
67,5ba71a86-e09c-4d08-9a6c-84d0f40ae2a2,MADE,
111,9dc0f5fc-a83d-4933-aba8-deba37d01914,MADE,
3,860d9e2b-11ad-4396-aa5c-2fca80b4369a,MADE,
62,dc02bab4-3b5d-4b86-a1c6-c4a4d2a37c77,MADE,
25,1a4d9361-d1fd-4095-af66-b32ef3649a83,MADE,
46,1d512c90-19fe-4925-af62-c43dc1979db8,MADE,
96,e67739b8-0e35-4c85-b0e1-9dfbe92d8353,MADE,2017-07-16 11:34:00
167,4ecb8c6f-4761-413d-8f97-dbaf992826f9,MADE,
43,77597474-0589-4793-9225-eb1044aa8314,MADE,
66,407ce371-fc41-49d9-8b64-d7244cc614ef,MADE,
64,06072dbb-0e55-47a1-a4e0-4cbf9a8e44a1,MADE,2020-12-10 01:08:39
79,77450809-2ee0-4aa1-8070-8e29c454515f,MADE,2021-12-14 23:51:02
57,d873ba37-a958-4a79-9069-fac800402f56,MADE,
156,14e4a682-7dc6-44b5-8ba7-36f1813d2bf1,MADE,
42,634c0507-5661-476b-99a6-050ce48622f6,MADE,2023-05-29 12:01:14
46,59f4b619-f905-41b0-b69c-64bb54967eb1,MADE,2022-05-12 02:07:21
63,779a87db-5d3d-4457-83bc-fff3c7952c83,MADE,
84,dcfbbc2f-86aa-48af-af03-9638baad8ed3,MADE,
127,648f0276-190e-4dce-b6c3-423af0c10243,MADE,
193,7328de1e-61b2-416b-9077-c56be6ee81ab,MADE,
143,12857749-bd6b-4f4e-b1e2-21661ed144d6,MADE,
7,1e1e47aa-4078-4cd9-8edf-77e54f8b5181,MADE,
83,269a2bf4-39b7-423d-ab29-22d7b883017c,MADE,
150,0a38d1ec-2476-4e9e-b13c-40fd306a53cf,MADE,
156,571a4f0b-d388-4e32-9e08-2ca1da8703f3,MADE,2023-05-28 06:10:25
88,f376ab49-bd64-42f2-80e7-3f3d3019f724,MADE,
74,f96bfdbb-5fc2-449c-badd-d93efd52a51b,MADE,2023-05-22 18:00:01
120,ed6d0ab4-4a2d-4bdd-af23-732787bffb61,MADE,2023-05-29 23:59:13
105,15543cfc-caac-464f-8ebc-d92b8787146b,MADE,
8,1bb36b2c-385c-46f5-b96b-3e52ed48add2,MADE,
31,54ceea34-9f68-4490-aed1-a5e0f81775ba,MADE,2023-06-08 17:11:25
20,c39ffe3c-d97c-4c34-ba93-d116265013b8,MADE,
85,37c344df-4f77-499a-b199-c755a5fe75e3,MADE,
184,13b85df1-fd9e-4bad-892d-b01379875ed6,MADE,
126,add660b8-8630-4861-9330-49170cf4b714,MADE,
129,a51d847a-670f-482f-b01a-954234e99dae,MADE,
143,c57cb0ba-7c0a-4977-804b-d910711e0a65,MADE,
191,9e8c007c-fc97-46cb-9b30-3f5c5b7138ad,MADE,2020-02-01 07:48:28
27,ab27a4d1-2a29-48a7-b9d5-66ae0a270fbb,MADE,
57,03b7faeb-6f40-4e5d-9030-91ad65912c89,MADE,2019-12-25 00:43:54
96,f72ee72a-6ce4-48dc-9765-fa595e3e5310,MADE,
48,0160a614-0f69-4692-9671-98f7db53e3a7,MADE,
82,0f0a4c08-14a9-4c5a-9d87-aebc473b3518,MADE,
31,7a8b1999-f792-4eb4-ab0c-346f769b90fb,MADE,2021-11-23 01:16:30
70,73b75dc3-5766-4229-8cbf-729cc139a6a0,MADE,2021-11-24 08:50:30
79,7b7394e6-a076-404c-81c5-6145b330ad0b,MADE,
197,7f9cc007-aa6e-4274-b8a6-303375bdcdcd,MADE,
2,b15c8a79-f209-4d36-bc07-0371c44f9d0f,MADE,
143,f2e1f5ce-01f7-484d-b43f-720ff2449607,MADE,
44,8462ade4-dab0-47e6-b6e2-54ba87f2f194,MADE,2019-02-12 07:27:15
34,4646d95e-905b-4920-8995-921fe8a81a49,MADE,
184,2bdde47e-08a6-4d1f-95cd-82c749f5fe6d,MADE,
2,d5f1d9ae-285f-4f5a-8ac3-35a6d9105f87,MADE,2019-08-05 15:44:46
136,09d09a75-45dc-4e47-9be5-adf86af89534,MADE,2021-05-23 18:04:13
130,840080e8-d02f-4f85-931b-b0c492d3e3e7,MADE,
31,17c78e0d-b187-4a7e-96b2-b07705b10085,MADE,2021-02-25 05:30:50
69,599f81ba-c03c-4fba-8916-6ce1b37640fe,MADE,
140,8d024184-07b4-4d15-b1c1-d3e69d8f23ac,MADE,
52,a6ae56f4-b902-4c0b-b530-c2ad05002927,MADE,
31,f00739b0-a227-489c-84a5-237cf1ac114f,MADE,2020-07-29 08:12:14
182,75dded4f-176c-4ebe-af78-599f817f3365,MADE,2020-12-05 03:21:05
41,55b4ab8d-acc5-44df-8179-20a623ffb13d,MADE,
54,7c6856a9-de6e-46bf-ab49-88027a6ec185,MADE,
104,1f3152ce-7a83-4dde-91cf-a4218600386c,MADE,2023-01-29 07:21:04
39,29903184-72e2-4b4c-bb44-edfb02f16df3,MADE,2023-03-04 21:59:07
9,dc9ae4e4-ef17-40e3-9562-2b045313e558,MADE,
164,5f42c02b-7f68-4511-8b50-81b3f5652130,MADE,2022-12-31 17:05:46
1,4365b079-3939-4629-83e9-27a7d4684352,MADE,
191,46922504-ced5-4cae-9991-588ce030eb47,MADE,
46,f8a780c6-876a-4375-aca6-322702e503c5,MADE,
188,f747f877-01c5-42ba-9ccb-125eef35cf8d,MADE,2020-01-26 20:26:17
139,be475e99-b2b0-4ae4-b9aa-3e1be86479d3,MADE,
180,f9f03c75-9dd1-4361-ad1a-a78979b6216a,MADE,2020-05-30 21:46:08
192,959d7cb5-008f-4b50-9ef1-63903a888d81,MADE,
161,676bca13-8c70-4f47-bb49-471e81e6eaff,MADE,
162,9380bfa6-f840-435e-9341-cf7b1c32c389,MADE,
112,5275d5c4-1731-447b-ae3e-fb0b878dcbe2,MADE,
127,e7966b08-7dd5-4ead-8f06-5b4ad6f20b84,MADE,2023-03-21 09:56:58
136,c5578210-d9e5-4d55-b706-7b51ed4832d7,MADE,
16,5eb40bf5-71cd-4c68-919e-fed8cfc1e624,MADE,
123,f6fa4cbb-75f5-4cee-8975-c09a38eae628,MADE,2023-05-28 16:16:58
64,cbed7bf3-1722-4bbf-95f9-3270c6cf8a23,MADE,2023-05-30 05:32:10
173,008127f7-31d2-4f70-a328-abdf1de706b0,MADE,
117,2990335d-5d6e-417b-8d0c-3ff4f05d61e0,MADE,
20,fd573d31-6ae7-4719-9f77-6c8e83ebae1b,MADE,
96,53a52faa-383c-4679-bd35-11c24aa3e7d0,MADE,
123,f2e7ee6c-782b-4b32-9e99-7f1237d73988,MADE,2023-05-18 09:11:56
67,59dd7a88-55f5-4f59-89d9-d1b67a4c3740,MADE,2023-05-13 18:32:00
162,b1c659f7-9fcc-43fa-8cbf-e460a37842e4,MADE,
4,417b7e94-2904-4b91-a7f8-6079ab380b61,MADE,2022-12-31 13:59:11
100,ab28d384-f012-4adf-a584-99cffabdeb12,MADE,
196,849fa93f-5f31-48e4-98a8-5ca5ecf1f10c,MADE,
100,a1bb481d-3384-42d4-a61f-f5ee4d28d4a7,MADE,2023-03-05 10:37:29
183,27d87493-e4f4-4d05-a7f7-da11558bdb43,MADE,
90,ec8cd91f-da9c-4386-9259-c4cc16576872,MADE,
177,e2611cbf-4e89-4acb-9bd7-8d3a0e177fb2,MADE,
44,ce3e4f3c-0e0b-4f95-8e08-e7c05c6d1bfd,MADE,
146,03f988f6-a968-4301-b0d9-21ad0bacb531,MADE,2021-12-21 17:13:38
31,604209b4-71b8-4cfe-87ff-460f08f6d0f4,MADE,
175,6ed1f8d9-8e46-48e4-a35b-98aa583feb44,MADE,
82,a9811af8-51e4-425f-bf3d-5ad293a1febf,MADE,2022-01-13 01:48:31
159,3e3bc373-a430-4537-88ff-74133a93b7c2,MADE,
192,1e0447a6-c0ff-4b2b-80ae-ece73a62a79a,MADE,2022-03-27 22:42:27
62,133ff369-f57c-4470-8375-dcfc14460bcd,MADE,
130,0564642d-7fdc-4d6a-a283-767354dc3ec9,MADE,2022-03-13 03:25:09
129,39c8e73f-c097-4ac0-92c4-a7a1b28df203,MADE,
135,400f9caa-b000-48c2-89f5-315016e77dba,MADE,
90,aa087001-960e-410f-908b-1fa1ebf2372c,MADE,2023-05-29 00:06:09
4,d39b3086-ec08-4c1a-8199-55afb174274b,MADE,
71,7811e89d-5599-4935-b8d1-fd1e2cf24d00,MADE,
9,fa341289-e435-4f3d-b215-40690b9a76e5,MADE,
68,0f8da89e-7a20-4061-8050-ef566d69f968,MADE,2023-05-30 00:25:27
166,2f2e72c6-d1f8-4ecf-892f-86cdc5e4fb56,MADE,2023-05-29 07:01:14
9,ad269e11-ce94-43d3-a2e1-7fd293f585e4,MADE,
38,68fc3bb8-782f-44e5-8da8-f22ed5139780,MADE,
61,95decca6-ceb2-4837-b554-7476693e00e8,MADE,
159,b3aea792-0f40-46ad-ac33-b8ea99f98ab6,MADE,
83,b208d0b6-8961-4a98-86a7-7897fde61b6d,MADE,2023-05-30 14:16:18
129,5b468b6f-84c2-4ff1-acc0-aed8f0f86fa3,MADE,2022-04-15 18:14:27
43,47d20f95-8b30-41dc-b2b3-6cb96702729c,MADE,2018-07-01 11:16:11
86,bf284789-552f-4a0b-9995-d4daae6b3d68,MADE,
6,adbaac79-dd18-43f6-90ea-a296d0e69795,MADE,2018-07-29 12:58:17
191,64c2c70d-f869-4dd7-b9f4-862f6127066c,MADE,
172,40324b61-daef-42b0-b109-20b66b58e29c,MADE,
171,cd9a8ae1-9bfa-4dbd-8acf-e31387021346,MADE,2022-01-11 03:05:33
147,52e09eed-f747-4f56-bd58-ffe6ac553d8f,MADE,2021-02-14 00:22:44
105,8a15c0f7-2996-48ee-8898-a1b9270d52c7,MADE,
139,978d00e2-fded-4dab-bedb-d8600206f1ad,MADE,
49,137141e3-ac2e-4e36-939b-8d46593231a3,MADE,
106,7c07751b-04b4-4f6b-b0cf-37cafe3b7ce7,MADE,
182,7b7f9c5a-32ae-4c26-bd43-a1f299972024,MADE,
13,62f13e0e-b0ca-4442-b903-89950b59fbef,MADE,
185,f32f609f-1535-4a4c-807f-cf74df53e197,MADE,2021-11-28 02:03:45
142,f9e88099-4e2f-4d2c-9a2c-cbadd6529619,MADE,2021-07-15 13:30:06
119,69ea42c9-3172-434b-ae8c-4a2a5e3d0205,MADE,
37,984b23c5-08f2-4bf9-b35e-0449a2fc6040,MADE,
97,5b44d482-4007-4447-ad8a-87ad62c27f56,MADE,2023-05-03 12:38:04
157,8bf9a2d1-c697-4fe1-8257-f5296e6fc9de,MADE,
96,141828a5-ee75-4c94-8380-3d84ead1ccd0,MADE,2016-08-18 00:57:26
171,4611ade9-ec05-45c3-96d7-0fab740a57b3,MADE,
70,15940693-8b06-45cd-9b06-c1deb47d9d44,MADE,
109,8f574843-8184-42c6-b385-ef7e32b37c6f,MADE,2022-06-18 07:08:48
171,875c11a1-0f5f-415e-a852-8ea0d6ef8185,MADE,
109,972db749-2c84-4677-952c-d3c449aa219b,MADE,2022-08-08 05:44:44
118,ba63d014-42ec-4978-926c-ad2af3137278,MADE,
27,4ac6fd90-efc7-4248-bb53-28165744c995,MADE,
174,331528c1-3879-4218-be4a-79ac03019f21,MADE,
57,300d74a1-1ee5-44ec-82cf-3e83af060f4a,MADE,2022-06-19 19:54:02
82,aa8155d4-d143-47ba-83dd-1d357592c645,MADE,2023-05-04 18:09:10
34,0b59a015-d5e6-49cc-8de5-5c71fbf6af8f,MADE,2015-07-17 00:37:03
139,c16d9256-6bb5-4798-97b8-4c17f16321a1,MADE,
153,dd774cc5-17ca-473d-9877-d39a3b2b49da,MADE,2016-03-14 14:28:15
194,d1532766-9708-4247-9ed4-749bb47ce5c5,MADE,
60,1b8e9ba5-f998-4d82-b574-93e208b4eb51,MADE,
108,45c09bd0-927a-4f87-bf83-bfd7d907769f,MADE,
88,07f214aa-ac79-4a57-8162-0aae58754b8d,MADE,
103,e8f6dad4-37c3-4727-adf3-f2ad64362260,MADE,2023-01-28 18:47:35
175,63c0635c-e544-4221-8317-7c5a78abbae3,MADE,2023-05-26 13:17:24
85,fc619ef4-2ef9-417e-87c1-517357f0cf28,MADE,
129,503d5a59-1795-4931-a036-f1ad89f7c4f5,MADE,2023-05-30 09:49:41
145,55cf1441-7325-4c58-a7dd-a3d8a276bf6b,MADE,
176,0dc6ea77-5a25-4a34-a328-3c97b0446e8e,MADE,
52,b551bc53-60d1-4e79-bc94-3e49c2185f8e,MADE,2021-10-26 15:00:21
164,b8854fbd-2eb7-4ebf-a4ce-284d2587b80e,MADE,
179,99b9e282-4ac3-4f7d-a961-cdb301d92cef,MADE,2021-11-25 23:20:54
175,f2565a27-d01f-4a22-880c-8616c0aecbe5,MADE,2023-01-07 18:52:34
190,2219ac4e-8e66-4944-8f2a-6d1a97d3ef49,MADE,2022-05-08 09:05:28
75,53f83452-a79e-42b8-ad36-010a35647768,MADE,2020-06-25 00:11:34
161,06a8bbb0-d0a3-4d16-94fb-017c7b0b5024,MADE,
81,1ed57479-737f-4037-b6b3-e5fd0074fdf9,MADE,
111,2b1c53f6-6d0d-4dc0-831c-6fcc9cb39aa9,MADE,2021-02-14 01:00:18
24,a153dc3c-3ed0-4441-94c7-d3b086c01ed8,MADE,
195,246d042f-f62b-4a21-8a58-5ca8433ad73c,MADE,2021-06-28 13:26:24
52,d5814640-f31f-4648-823b-43b0dcacd74c,MADE,
34,f757b1cf-67ea-496c-a46a-d7db4dd2ff01,MADE,2022-11-20 04:14:41
104,7e99909e-5324-4faf-b838-a45adc609d1d,MADE,2021-09-15 15:26:05
186,f774cccc-aecf-4942-825a-560bc14a4663,MADE,
87,995a91b5-b96d-4109-8682-b2591bf2de1f,MADE,
54,27c13756-b756-4056-af60-45d1155beb94,MADE,
115,dc9247b1-da68-4ebc-9fcc-90d1c398fff7,MADE,
37,680f7e9f-65df-4d7e-a7a0-0822286745ed,MADE,2020-06-02 15:29:00
147,7154f40a-7b32-4a86-8109-d615c60cc0c1,MADE,
197,6ecebe7b-8757-4226-9200-c004c055ae34,MADE,2019-11-16 02:01:33
24,baeb24ea-6397-4129-ad5f-ec4b1e130a0f,MADE,
102,02ec50d3-2ed1-4257-a70b-bda3272abb3d,MADE,
177,39b2d9de-a1a2-479d-99f6-18d15888d032,MADE,2022-11-24 04:38:56
16,1cf71a4e-6e2b-44b4-9d9b-ea4002b177aa,MADE,
186,8b18347e-7dde-4e89-a2dc-1125182b0304,MADE,2021-03-31 00:55:46
46,50925db2-032c-421a-b7db-407dcfa7066f,MADE,
85,18d92121-8d34-4ad6-95b6-26ea1fe7804c,MADE,2021-07-03 12:18:18
3,52e6ec58-0083-44f7-a2af-49dfba4992ef,MADE,2021-02-10 10:03:59
190,c19c03f0-0268-48a4-ae38-bbb701862e03,MADE,2020-08-11 10:38:52
31,6ef3ca94-bdf6-475f-b198-13f13e083a9d,MADE,2021-09-13 09:02:30
15,8bae4def-b788-41a0-9509-70a19848afff,MADE,
11,8488237a-9240-4608-8aaf-aaf6d966195d,MADE,
35,c9ef755c-c56f-48a5-a002-1ae2792111b5,MADE,
65,9af2513e-0424-4509-9cff-13353ab0a2f8,MADE,2019-12-30 16:14:28
134,60d4f363-58cf-427a-899f-977c9d4fe025,MADE,
30,4febb4a3-0d63-43bd-a943-8999d82d98a1,MADE,2020-06-27 03:20:28
182,40de17c2-43dc-48ba-a0db-a7575fc159e5,MADE,2022-12-28 15:44:14
41,103cf1cd-7b86-4b0a-aa11-b4c51156698c,MADE,
72,cee7f70b-7ba8-42e9-a28e-6b62b9f7e63f,MADE,2023-04-14 19:22:57
99,28bce208-5c20-4deb-b692-e319ee2574e0,MADE,2020-11-18 21:55:34
77,e95a5e46-0f0b-409f-bc9f-bc28e828a2c5,MADE,2023-05-22 13:12:12
194,fb3ad8ea-1f76-4f7d-99fa-0f9d727ca54a,MADE,
54,c9a56e37-047c-46c8-8d92-0057d7b1782a,MADE,
173,9ed07892-bf6b-49b8-a4c7-cf2670485113,MADE,
144,56582d39-d32d-483e-b5f4-79d9a9d330d7,MADE,2023-05-26 14:50:17
74,ceccbc04-02df-40c9-9b29-5f1cd04c7970,MADE,2021-11-08 12:46:14
173,02c6f8e0-182a-482f-adb0-3e4db150e9a1,MADE,2023-03-18 01:43:14
5,c3462d6e-2abc-437d-8818-b5ad2f923989,MADE,
56,a16912e0-f43f-40b2-b9b3-bceef4165174,MADE,2017-08-17 12:16:46
51,65c5e72a-ac75-4e0f-ad43-5cd752ecfa3b,MADE,2017-09-02 05:52:39
74,c0d611f6-e7f6-40bd-b3f7-110fcdfbc26c,MADE,
67,3aaff1bf-d42c-4ec8-93b6-b12a703cf11e,MADE,
71,0a3e1aa6-75cd-4548-a39e-3f4c8b50a594,MADE,2023-01-02 16:25:02
77,a9e03dd8-7e08-4e8c-9ff8-aa6c40644d85,MADE,
200,bcd40051-6735-4b22-8357-c2854e10a27c,MADE,2022-06-10 13:13:45
15,b9bf8616-0f95-4c54-b6e6-405965b7d611,MADE,
178,87effac2-bb01-4101-85c6-318f1e21ee2d,MADE,
146,55241823-b552-4ee5-a16f-a996cce867da,MADE,
151,5003855a-9917-435e-a6c0-623b5f7b7a23,MADE,
196,7e01fd65-b306-4686-af4d-80ff8a9225bc,MADE,2022-01-09 11:06:21
97,198d918f-1cc3-4de7-a270-833b3700587d,MADE,
153,212bac26-c7ae-4b3b-a8ed-422f28f31071,MADE,
197,3c75b2f5-64be-4631-964e-8d7e9c6039ce,MADE,
109,2a1b53c6-4741-4e87-a2ea-686b42cef804,MADE,
63,f16e2cab-bb4a-4f3e-a745-e021c45270a3,MADE,
19,a6252c80-aa01-45d9-a0c2-931243a55f81,MADE,
135,3de90340-bbb7-4053-82c4-853a882164c1,MADE,2023-01-31 20:33:49
8,62619a11-2d1b-4ee4-a5a8-2dc83b837491,MADE,
192,4fbdbe4f-1890-4347-8e9c-17e3241d4596,MADE,2023-01-07 04:24:40
78,9f751164-6a00-4e28-9e46-08b459dad43c,MADE,2022-11-26 18:04:42
74,ad69cfad-1d9f-41f2-8125-5127c44eaedd,MADE,
42,6fb6f954-670d-4482-bb70-a1e90a14e5a0,MADE,2023-03-10 05:26:24
174,d702920d-aba2-49db-b0c5-17920e4d5099,MADE,
2,ef5e16da-c0bd-4485-b28d-7bbf9ccf204b,MADE,
73,9f41783f-7248-483b-bd5c-b7b52e3832cc,MADE,
83,00156955-bf8b-4506-afdc-17bb0fe36a79,MADE,2022-05-24 21:31:06
170,1eb6750e-3c79-4a72-b67f-0a3669abb2dc,MADE,2022-07-04 11:28:43
148,7c720f51-b869-4a42-ade9-f20fee4e8056,MADE,
152,785d08f9-2f4a-42bc-93c4-326b12851dad,MADE,
59,a38a16a6-6ed7-487c-97ea-b656e912b30c,MADE,
179,d9217f5f-3b9a-4586-a813-9500ddb8d5fb,MADE,
65,e1f034da-849d-4293-aa22-19aefa042cee,MADE,
90,62dfba3f-e1fe-4206-b660-4eecad599417,MADE,2022-07-28 05:19:23
60,9d605dc5-4de0-4cbe-ae9c-49bd1edf8efa,MADE,2022-09-16 05:27:28
122,7a103cbb-f0ca-457e-91e1-b7b935fa2c38,MADE,
43,f7b74db0-c02b-4524-ba1a-78442d84d937,MADE,
140,4a858ba7-e27b-48a8-a171-4ad8db49a5cb,MADE,
120,0f5a9e00-783c-4cb1-ab55-c1ace7f37333,MADE,
135,cf44161d-92b2-4979-ac2c-cf4b1bb6c6bf,MADE,
51,135c187f-4835-4930-b23e-0b7ec41480b0,MADE,2023-04-07 20:45:07
39,4d5286d7-b24a-47e5-b739-6519ee3f9847,MADE,2023-04-30 08:24:38
125,773eef0b-20f3-4eb5-962c-fef4a655d30e,MADE,
3,a1519d88-e941-440f-b8f2-a2f4bb6fd912,MADE,
142,645b1fbd-787f-4967-9f67-a5431bb29ae9,MADE,
137,f13850e9-bf9b-4302-a9e0-0d5445cfd642,MADE,2023-05-21 16:40:48
85,5bb8b927-2715-4800-8f5c-ed1e46a696f5,MADE,2022-06-14 10:31:41
120,aed37da2-3ba8-4f2f-b346-4da6efd03284,MADE,2021-09-13 16:16:09
87,270d5872-a542-4040-9125-09431f499b41,MADE,2016-12-22 22:01:47
53,825f7e86-b974-4931-9cda-a41bdee7afca,MADE,2016-12-02 07:06:47
171,347baae7-c282-4c1b-abdd-b3764a74aa63,MADE,2017-01-20 19:58:07
122,dc67675f-d70d-4530-a43b-3c3e1ffc575a,MADE,2016-12-15 12:46:33
25,7b6b5432-d2f7-429f-9b0e-ee1999302fb3,MADE,
99,c6cb1e1d-0ad7-4764-82b4-91fa09b4a851,MADE,2023-05-18 05:07:09
43,40b5ccff-b69c-4b4e-8d8d-a44547582495,MADE,2020-05-19 20:06:20
114,9742e364-b6bd-46c2-877c-582e992c7e74,MADE,
125,20119d53-be96-4cdf-917e-ec5b441fc120,MADE,
24,45bfbdc7-7a67-49cd-a4e4-6fedc7801b37,MADE,2023-01-17 22:24:27
84,7fb18f32-921e-40d7-b8c5-1817441be257,MADE,2020-10-23 22:29:32
24,c83f58a8-83d2-45da-9e5b-65c33fef9b9e,MADE,2021-02-04 13:59:20
84,a261c80f-70da-4d46-a855-1b38fc3faf0e,MADE,2021-02-23 17:33:43
97,88a5a3f9-812f-4930-8533-58477f9f6a80,MADE,
52,174c3f20-288f-43f1-8472-d133ae7f6864,MADE,2023-03-31 18:42:04
26,a3184519-f01e-4bff-984b-8efdd214e2bd,MADE,
152,0f7aea15-87a8-45c7-916d-6166e57d53ff,MADE,
21,ae4ac116-dc79-4ebf-98d1-4f911b5b79a8,MADE,2023-05-08 16:15:25
121,9c0d41ea-28ed-48b2-9d98-f5b288356764,MADE,
141,15648be8-22b8-4b49-afef-7ab8d0ff8152,MADE,
151,75c74df7-5d61-4ccb-870d-3300043d0fb7,MADE,
56,4f5275f5-91de-4dac-bf6a-8ca282548c8f,MADE,
34,39ec3259-6f57-46bd-853a-857fa109bb0f,MADE,2022-09-05 06:58:16
19,fedc184c-e78c-4366-b198-1c50168334e9,MADE,
85,b4fedbd2-e750-40d0-bff9-4dea3dd8c261,MADE,2023-04-16 14:44:28
98,cb8c5a5b-8f88-4b76-9dd9-f00cdb8bad4e,MADE,2023-04-22 04:02:15
168,345a8646-0bee-4668-9121-96901f444c79,MADE,2023-05-02 02:39:35
51,ddf943be-5841-47fa-af2b-84d75939f586,MADE,
17,097134fe-d024-4eba-984f-2af7d0c2ccab,MADE,2023-04-11 22:32:49
183,39eea99e-940c-4dfc-a897-3f2cc098098a,MADE,2022-03-29 20:55:35
78,6e53795e-e525-4c1b-871f-5c43b6326e51,MADE,
122,3835a050-cf8e-46b2-a3b3-c0ca1539146a,MADE,2021-12-11 15:43:20
107,a9df01f0-259b-4dad-8e9f-575dbc0fcf95,MADE,2022-06-18 20:47:13
81,1564764c-4c8a-4bc8-a48d-26e29f27a791,MADE,2021-07-19 20:17:46
190,37494af8-4030-4871-bf28-3c3745715097,MADE,2023-02-14 07:14:25
92,69734587-19ec-4440-87f0-6f3881ab77d4,MADE,2023-03-08 04:33:20
138,5e014a70-d880-4df2-991e-3e2903ae55d0,MADE,
134,98e73d7f-2fca-4d27-983e-acd756306625,MADE,
30,a769e26a-51ea-4eda-a9bf-46b55621d3f9,MADE,2023-03-06 00:23:20
119,6b72ba1b-1492-4ffc-be93-9b2931564f67,MADE,
73,92e26236-87e5-4357-92f0-a0c241f0082c,MADE,2018-11-01 19:51:53
123,df10ef0a-8676-4ea4-8b19-3baf1110b71c,MADE,
133,eb54ed14-a037-47d3-b667-850d6b89abce,MADE,2017-11-30 08:07:35
157,3410eb4a-13b6-4716-9109-f0c561da95d5,MADE,2019-02-10 14:21:46
111,ed2db8b2-98f2-46c1-99d4-55d83cd46def,MADE,2019-12-31 00:48:03
9,3b77c790-a457-43fe-bac3-286ebd13396a,MADE,
28,2673fed3-1205-46e0-9cdc-3d9e51de8749,MADE,
9,a9b4f2aa-9e8c-4528-b248-c813940f4902,MADE,
176,6862758c-3221-4f0e-8efb-1ffc9b0c51b1,MADE,
18,a0560e37-85e3-4b2a-88fa-c287755f2c68,MADE,
171,75b17724-17ce-4a2d-9dcf-62a87c0eee23,MADE,2022-11-22 22:31:51
68,083ee438-ca1a-458d-bbdd-42b7401bb73e,MADE,
38,86ed5fcc-f7f8-4f8b-821d-1f2dfc8b0883,MADE,
149,7c7a6dcd-975b-425f-93c2-33907a0af8ae,MADE,
59,1d2614bf-b083-483e-a713-0de4492e7fda,MADE,
145,6ad45648-f4c3-4894-8c04-15754bc11a19,MADE,
81,2a5a8360-cc54-4f96-8f21-4c0142ad674f,MADE,
61,2f5add99-1ef8-49c8-aa78-430dd74ddcee,MADE,
143,eb1abddc-98e5-45e2-a4d8-78d5ef364aa5,MADE,
132,5ee98063-96dc-443e-8cab-20407a5b8809,MADE,2023-05-04 21:08:27
109,f3f950cb-ec25-4086-a81d-ae584a7ecee8,MADE,
127,1382c9d8-caca-4350-b41f-e9834c980f49,MADE,2022-05-06 17:58:32
152,4c2971e9-487b-4553-892a-055d08ecad0a,MADE,
31,4cc69f95-c852-48c6-90de-8b3e4549f47f,MADE,
188,14842be2-993a-4d52-a2bf-92ca350408a9,MADE,2023-05-05 23:53:02
158,84e84289-5a2c-4f7f-8c88-89ab7339d740,MADE,2023-05-10 16:10:23
86,03fe653a-29fb-49fc-87b2-6ed55035139c,MADE,
106,c617b026-3863-466d-b5ee-eec5acde22bd,MADE,
114,588bbc34-3ab3-41ec-ba39-0fa54041ce7b,MADE,
22,875cabf6-9a56-4138-893a-da23f6316c06,MADE,
49,fdd968f2-984c-4d30-acf9-8494f09b63ce,MADE,
134,407b6de5-452b-475d-a483-cabb7a6da2a8,MADE,
155,c4d36703-4c51-4220-bbee-b780900a7426,MADE,
44,dc72950b-ecf0-47f3-a48f-022d932a0ca9,MADE,
86,021015a0-5ad6-4816-a07d-f88264290db0,MADE,2019-04-28 22:51:06
67,e0a881eb-0fa6-4d18-a27b-5f86f93306cb,MADE,
164,26080954-488e-42ea-af30-defbc9ca92c2,MADE,
30,9855a1e5-a11d-41bd-8bbf-c089b1a324e0,MADE,
180,1d70a083-87fe-4881-a80c-f053089f7de7,MADE,
2,f827cbd0-a6e8-462f-acea-cf90d0f88c9b,MADE,
122,e0f0c6ce-b34a-4b50-a5b7-d42a4a72adfb,MADE,
41,8c93d668-9534-4ee7-8549-7c8b345797fa,MADE,
61,91d4fd52-3d66-413d-81c7-09a11832fc36,MADE,2021-08-23 01:07:48
84,ef13cf94-edae-49c4-a4b1-2c54af372897,MADE,
112,16990c9a-f199-440e-b7b2-b824f1cb7e21,MADE,
28,4aa8ef3d-bcc0-4e81-a427-4d6385edd345,MADE,2017-06-13 16:26:09
32,97a3dd07-8b7f-492f-bcc2-34391d9d3a8d,MADE,
22,bc81025f-f323-4f1a-a38a-bfa20aa91faa,MADE,
37,53babd8c-087a-4b6b-a4dd-cda6ee8226cd,MADE,2023-04-08 01:58:09
90,f142fdb2-56c7-44a7-99f6-77cdb187b3d7,MADE,
182,c3dd6f68-7998-45f5-9469-4af15d994659,MADE,2022-11-17 03:57:49
144,66f3a16d-27a1-4547-9eff-3b26ac4c3664,MADE,2021-12-16 00:13:01
63,f5c6f7a0-d146-4941-8dfe-b2d2bf7791e4,MADE,
93,32731ffd-74ec-431b-879d-22358c410706,MADE,
131,73f4acde-9fdc-450a-b84e-e8215c1f3e69,MADE,2021-03-18 19:42:54
160,50da7fd7-823b-4ffa-a514-565b378a7e03,MADE,
