:START_ID(Person dpi),:END_ID(Withdrawal id),:TYPE,date
169,db1d599e-cb37-4b55-8855-f679768757e1,RECIEVED,2023-11-01 16:38:00
120,15c79514-1eca-4f4c-ae13-c7c179a650c2,RECIEVED,
147,853507d3-e552-46dc-9451-cc8a88e62afd,RECIEVED,2023-08-10 16:10:09
65,701c82f1-777b-4752-8d7c-e1d84bb8c4ce,RECIEVED,2022-09-01 04:17:53
83,a45ad06a-3e0f-430a-9db8-c0abfc08df48,RECIEVED,2022-07-25 00:06:15
131,31c01492-cc13-4f5b-925b-a6240c4bff54,RECIEVED,2023-01-03 08:33:20
60,44d00191-4721-493c-b325-c04d057cab74,RECIEVED,2023-01-10 07:54:53
18,23b75404-25aa-4214-afd0-cbbacc40f9b5,RECIEVED,2022-12-30 08:44:08
23,a213330b-77c5-4a83-98d5-ded1c5396b68,RECIEVED,2023-01-28 13:34:54
105,c01c7dc0-8f43-4d9a-b4ae-80f1bae487bc,RECIEVED,
117,9b22fc06-9fc2-4f76-bb08-d7d3c20ec15f,RECIEVED,2023-05-23 17:17:40
133,f838efdb-b27e-4753-a4eb-c920a034310f,RECIEVED,2022-04-04 20:45:34
178,d5060afb-c3e3-44cb-9ca3-e076a180c969,RECIEVED,
175,02d93953-0418-4575-a790-97a835418a20,RECIEVED,
69,2f6e0f25-692f-44c7-887a-7d5919f75e4e,RECIEVED,2022-05-11 11:32:09
121,a4760a81-65be-4e34-aa48-47f4ddc0b594,RECIEVED,2022-03-27 21:17:37
25,a65f2b80-5b4d-4351-a145-f3792a65a2dc,RECIEVED,2022-07-13 03:12:11
69,2184f403-7e3c-48a8-a9dc-b5b16d9d8946,RECIEVED,
133,507ecc07-0574-4748-ab3f-53da0061cebe,RECIEVED,2022-05-15 05:03:33
150,4f959f86-ddbe-4b94-93ae-b9831df2d92b,RECIEVED,2022-08-03 07:23:26
153,5a2dcd8f-4bed-41f6-8644-6e8dbdd154e1,RECIEVED,2023-07-13 13:48:53
72,9d12ed41-0266-455d-9d53-8f7afe883bbf,RECIEVED,2023-06-02 22:23:41
84,bedfba3d-3f87-4f4c-b99d-a21407f20fa4,RECIEVED,2023-06-16 09:09:23
134,efb8b70e-109f-49da-9964-ca492acb368e,RECIEVED,2023-06-22 10:17:18
38,7929593d-8d9f-4cb1-93ac-8cd39566ae14,RECIEVED,
68,6e45d775-c650-468f-9e4f-88271eba7064,RECIEVED,
130,c7b14b5d-4e32-4ad2-a596-0ddc48a168a4,RECIEVED,2023-03-19 06:22:16
189,38548800-8130-42f1-a2c6-40721e64ab38,RECIEVED,2022-10-27 01:29:07
29,03ef1be3-b6f6-4237-8cb2-077c3771822a,RECIEVED,
77,209adee1-fc1d-4119-a19b-6db7ef298b25,RECIEVED,2022-04-27 22:30:31
126,6d694014-8fd3-452a-9ddf-dfd5d6455bb1,RECIEVED,
145,97d3a55d-efa9-4849-814b-3c5cf61cf9d0,RECIEVED,2023-05-05 06:20:56
163,458b7e9d-da0a-435d-9939-7b6d40ffec03,RECIEVED,
91,137bd37b-785b-414f-8b53-82fff89e0190,RECIEVED,2020-11-12 13:42:13
178,24253c7f-869e-47e1-9357-bf653713c9e6,RECIEVED,2023-05-05 22:28:32
113,c5790de9-e1a5-484a-96f8-f3e906b20f7c,RECIEVED,2023-05-26 15:58:21
91,24aa2c96-f82f-40b1-9ec3-5fb21304dc4a,RECIEVED,2023-05-26 04:47:07
25,1bce580f-e54b-4428-937e-c2cdea377d2e,RECIEVED,
140,15ddf7dd-9d33-4b6e-b84b-a92e1a1e5cf6,RECIEVED,
84,787e1c49-d272-4cc4-9d67-4203520eb365,RECIEVED,
64,dc1c5bcd-d15b-4359-9c11-6f2d166de251,RECIEVED,2023-04-02 14:35:51
131,9a824aaf-5a58-43f6-ba44-aed7b97e525c,RECIEVED,
92,7970f985-3431-4f72-b2f3-59498bcd79a0,RECIEVED,2023-01-14 09:08:01
78,376c0301-797a-41ea-92fb-8fda9350967e,RECIEVED,2022-11-21 00:14:55
133,8a1aa797-8d48-4d37-8325-47333ddbe5ea,RECIEVED,2022-05-22 03:58:46
133,5442f965-a28a-4d73-b86b-5b825a0702eb,RECIEVED,2022-03-30 23:02:24
160,e1fea78f-6ad3-4dbb-a66d-58270828b76a,RECIEVED,2022-02-10 14:09:28
152,88174f29-9e9b-4a25-96fb-cf20f49a5768,RECIEVED,
17,829bf1d0-f21e-4a40-a4b0-5e457586b020,RECIEVED,
114,8590af42-7599-4db3-b8db-db0124eead15,RECIEVED,
90,fbaf1307-099d-4551-8ec3-1a7652827c18,RECIEVED,2022-12-08 15:01:41
20,14e92ce8-29b8-4e70-93bf-f01b5a1193b9,RECIEVED,
63,efd4ea9e-6261-44c9-8934-6d3047c35032,RECIEVED,2023-05-25 05:23:51
137,7d2f4e9c-b51f-4997-be9f-48cad8fe6433,RECIEVED,
29,8f96b76e-c1bf-41fa-bc50-9f8e8562d11e,RECIEVED,2021-12-19 12:20:11
172,ca280a0c-cd19-4140-8e5a-b8b84b85fee0,RECIEVED,
91,18467ad5-277b-4df4-b971-25c3b33dfba6,RECIEVED,2021-11-10 08:11:19
181,c1c31c3b-aca6-4bb3-b8dd-ddfe252e87dd,RECIEVED,2022-05-18 14:07:10
18,0397d552-0781-4e52-a038-115c4b8a162d,RECIEVED,2022-04-04 16:04:19
199,9466d37f-45eb-49b8-97af-31b99cd43e62,RECIEVED,2023-01-31 15:05:00
4,4d36ae5b-394b-430e-9d89-f98b86f3d774,RECIEVED,2022-10-07 16:06:17
177,f8404290-3f8d-4682-adb9-f4aafa467a34,RECIEVED,
59,1eacb005-6101-4a68-b714-752ed87d3bcc,RECIEVED,2022-09-29 08:28:13
194,f608b074-625a-43b4-aa7b-345ab16a4a37,RECIEVED,2023-02-11 12:59:36
152,60f4751f-4e34-47a5-ba33-8e841ffc57bb,RECIEVED,2022-07-14 08:20:35
172,df996895-d919-4f3b-ad39-c4cde7f34e37,RECIEVED,
84,79acc0d1-ce95-42e7-ab0a-6d7a94c3b0be,RECIEVED,
145,74a82446-7c65-4043-bbf2-a459cd4a4eef,RECIEVED,2022-12-20 04:44:46
158,60bb2c05-0a00-401f-889b-83d1bd54f7ce,RECIEVED,
124,fb8c27d0-8620-411f-944c-5d48cd0db812,RECIEVED,2017-02-24 15:54:07
194,4edcf6ee-3493-4dd5-95bd-35353fbe3cb1,RECIEVED,2020-04-16 16:15:36
189,1ac5c9f5-844c-4560-8b42-f65c45b3f881,RECIEVED,
11,e5c8f9dc-6e95-41db-aff2-d2a72b02646b,RECIEVED,2023-05-16 18:07:53
58,38d3ef29-0b07-4ce6-86c9-c5c0740f9a0e,RECIEVED,2023-10-19 16:03:02
88,9ad06fd5-3c03-48f9-828c-331bc11db90d,RECIEVED,2023-05-10 03:20:43
64,79743d15-2668-4e0c-b3ea-09f7013d7145,RECIEVED,
135,486278c9-3834-4fbd-ad18-c8002c5f3412,RECIEVED,2023-03-29 05:15:13
198,91f1d511-85b9-4a2d-b6fc-3b6b1f278f83,RECIEVED,2023-05-20 05:03:04
111,94777108-5c4f-4250-8bae-c19da6818383,RECIEVED,2023-03-22 11:59:29
35,479eeca8-65ca-465a-8df8-0d4747569b25,RECIEVED,2023-03-30 22:20:24
148,46ad2903-b315-4753-9fa7-480863f334a6,RECIEVED,2022-10-31 07:26:04
86,859ee5f9-2070-45b1-9368-073c0291d0f3,RECIEVED,2023-10-16 07:14:41
2,6ed4e6d6-428f-4310-bc1b-4e881657e188,RECIEVED,2023-10-27 17:29:16
126,f4b0c665-6449-4f48-b7f8-fc06488ba6a6,RECIEVED,
50,33409bbf-303d-41e1-a894-d6a7f36481e7,RECIEVED,
198,4f08697e-c746-49a8-a8f0-cdf5e9752a8b,RECIEVED,
129,7f6849eb-eee5-48fc-8481-83fe06f96ee4,RECIEVED,2022-11-07 13:08:48
8,6251232a-7396-4c02-b657-657dd1238990,RECIEVED,
128,85f10522-7be2-4724-886d-4c61057b7360,RECIEVED,2021-12-29 07:09:16
44,acfa47d2-c44f-4847-a985-c2ef58337990,RECIEVED,2014-04-17 00:53:07
63,9410ba85-df24-49aa-b086-8f94fac857f5,RECIEVED,
44,904f6c57-54bd-45bd-af07-b66ae97916c2,RECIEVED,
145,f6d10d43-0728-42e1-af68-9230eb3ac361,RECIEVED,2016-04-27 20:20:58
200,6a786acc-1672-4b30-a3ba-d04cbeb16798,RECIEVED,2023-03-16 14:58:16
182,ec205de9-13fd-4e0c-a3f7-ea67131a447e,RECIEVED,2021-08-20 22:09:42
107,29046ecb-ff03-42a3-bd00-312eddacd097,RECIEVED,2020-10-27 19:11:13
171,1e9c8074-20d8-4db3-a0b9-5af33635e10f,RECIEVED,2021-08-21 17:28:18
7,090cd7a4-f127-4807-897f-0ec97e7ae03f,RECIEVED,2021-10-03 16:20:45
30,562be5a9-5844-4a6a-b1f2-4a15d4376e5f,RECIEVED,2021-05-16 00:36:38
74,c03306f5-6e61-4e84-8436-e409bcda04e2,RECIEVED,
198,b1b4ac12-1a4a-4f77-ac60-edfb8c451d3a,RECIEVED,
41,f811b1d5-805d-4157-8cd5-9b69cfd9ad01,RECIEVED,2022-11-24 22:25:53
169,646c84b6-7199-4f61-b756-e68558554715,RECIEVED,
135,fd25f428-da20-4b07-88d9-396020405de4,RECIEVED,2023-02-23 14:47:51
146,b498a864-67e5-472f-be24-cf11e40c7516,RECIEVED,
108,142c167d-5fef-41f0-aeef-ff84b15839be,RECIEVED,2022-10-14 08:38:08
51,bd80518e-3930-42a7-8fe6-c3c89e9ae424,RECIEVED,2023-05-29 05:56:12
75,515804aa-71e7-4cdf-b2df-8b5c8e5c6117,RECIEVED,
41,3f8ce91d-f5fb-46f6-93cc-740dfa7f4c93,RECIEVED,2023-05-27 00:29:25
96,228b6f12-187b-4a71-9d3d-3c025ce3ab59,RECIEVED,2023-05-27 11:12:31
12,d61e5fad-4f94-42a1-b486-48ca429ef6d9,RECIEVED,2021-12-24 02:13:01
111,45c3320a-1479-470b-867f-f50387c5a62e,RECIEVED,
75,350b81d0-8c75-4be2-83a9-01c772b42f7b,RECIEVED,2022-10-15 10:16:46
90,3fb52140-6df9-4c56-a0e6-da1190ec3c59,RECIEVED,
39,40c261d4-d2fd-4c58-b9aa-333255c4e007,RECIEVED,
20,ef8ccd79-bedc-4bea-af24-2b80c89f5454,RECIEVED,2023-04-30 16:01:17
8,98a42897-0aa2-4c85-9d4f-1e89135949dd,RECIEVED,
168,c1e7dac6-9647-44fd-983b-d4b11613fa02,RECIEVED,
63,2621a48b-2f2e-492e-adf6-c8d655d5b69e,RECIEVED,2023-03-31 11:24:23
49,17f05849-03ca-44fc-9b2a-de7c9c32c7ae,RECIEVED,2023-04-06 04:28:28
115,7aeeca6a-4921-4b5c-a1a1-1fe8f3e0f2a5,RECIEVED,2021-05-20 18:27:52
185,2e701338-5d59-4b52-ad8e-e525453f661a,RECIEVED,2021-11-09 00:44:39
117,8400838f-6870-428d-8ba7-5fb732134d4a,RECIEVED,2021-02-23 23:10:50
65,ad8dad79-28a9-4427-8e45-d59efa250681,RECIEVED,
68,ae1a08d6-d6e1-457e-903d-053fc6e41ea6,RECIEVED,2022-06-19 05:52:52
103,3a16b8e3-c226-43bd-be39-d71451263d15,RECIEVED,2022-08-11 03:45:00
79,6f326296-b028-429b-9f5f-38097957fc72,RECIEVED,2021-11-05 11:18:49
164,f0dd1419-2482-4e91-8c4a-c040a2c14141,RECIEVED,
29,2fded611-a5db-4ae6-9155-ea93baef3e95,RECIEVED,
113,01f8b61c-efb1-43b9-bfa5-5e50555ccf89,RECIEVED,
67,28b5a515-8ab3-47ea-8597-eee2e9f15b3a,RECIEVED,
17,f2fbf6e6-3b65-4315-bcd3-849452e98802,RECIEVED,2022-01-24 02:02:20
101,a8471c5b-6da4-4dc7-b780-1109b6318537,RECIEVED,
59,3ea69314-8471-448b-b07b-c7f27e6554a7,RECIEVED,2020-10-14 09:51:05
114,258e719c-233b-47c1-a18a-8398e7519515,RECIEVED,
126,cd7f7129-ad39-456a-bad1-50debba16caf,RECIEVED,
188,6e0a34ea-a7dc-42e2-a278-db257a55ee60,RECIEVED,2021-01-09 07:58:59
58,9413a6a7-64e9-4562-a1b4-e314b209ba1a,RECIEVED,
42,91b5ad83-6769-4396-b6c2-93541166beb6,RECIEVED,2019-07-27 16:30:20
123,35df37ca-9cd7-48e4-85eb-0740c53cc87d,RECIEVED,
152,cbca240e-f8f1-4b58-880c-dd15e76f4fec,RECIEVED,
132,01449fbb-ef5b-4acf-856f-0ac1bbc3db45,RECIEVED,
60,a6810d7b-f8d5-4acc-b728-d8d35c88f7ff,RECIEVED,2021-04-24 14:54:30
89,49960bdd-fcb2-42a3-b011-b221fc90b98b,RECIEVED,2017-08-14 23:12:01
21,a1c6344a-9997-4d09-8746-75e5930eee72,RECIEVED,
142,fae9d8f6-bd9e-4b89-be21-dc174bae0551,RECIEVED,2018-11-26 15:21:52
4,c801be18-3188-4d13-9667-b6e72f6bffe9,RECIEVED,
163,3b6b60b0-fd76-49cd-9a29-ddec5f93c87a,RECIEVED,2019-10-21 00:22:16
118,cadd3fa5-968a-44e8-acad-6b271a6a2d6d,RECIEVED,2020-05-04 01:15:17
198,10da681d-8af8-4f63-8ece-37fcc22794e6,RECIEVED,2022-09-16 22:53:09
137,287978b3-4d91-42ee-94d1-a9842bb29f03,RECIEVED,2020-12-06 04:03:51
100,6e4bbc10-56fd-4fdf-807a-eebb99094545,RECIEVED,2022-12-26 08:37:53
31,2864ab99-5083-4ea9-bbcd-91d8573a91df,RECIEVED,2022-03-25 02:59:54
94,da199020-1328-4c43-8cf0-5aec459cf03a,RECIEVED,2022-06-01 23:45:38
108,53a3a0ad-94cd-4c74-882c-59c253f8c887,RECIEVED,2022-10-27 20:54:06
73,ac5e5c26-04c9-4e28-b006-ee43d3cf284b,RECIEVED,2019-09-12 16:45:49
80,432b0be0-4f2e-4756-bd09-36ecd8bd6e5d,RECIEVED,2020-01-31 16:26:06
77,53599713-bbc7-4689-aa68-f297c9532413,RECIEVED,2021-12-15 15:15:56
16,6dd7c0ba-1d97-4f6e-ad81-45be4d2bbe00,RECIEVED,2019-05-01 21:15:00
115,dc7a9190-5dae-4754-8148-4721ff4df86c,RECIEVED,
133,37d85a66-81ac-4a19-b8a9-6659416bd998,RECIEVED,2022-03-07 21:29:57
65,1fc98ea0-e28e-4025-9bba-34dfedc9da76,RECIEVED,2023-04-09 03:38:09
114,3369a283-6681-48cb-b638-e869cd860ff2,RECIEVED,2023-01-10 00:42:36
132,9b49cbb4-060f-4666-bf7b-e8f47ebc8054,RECIEVED,2022-03-02 07:39:01
168,42423c56-90d6-4f19-b9d3-390d0de06f2b,RECIEVED,
147,13334cc6-bca9-424b-a681-81c1cc77b856,RECIEVED,2022-11-02 05:47:16
100,59cd1613-eec9-445c-9999-9c6307cbee87,RECIEVED,2023-05-02 18:01:54
137,56c47080-bace-4473-997f-c9f2eba2ad53,RECIEVED,2023-05-10 17:44:32
32,6ea36149-ef06-46a2-a900-d7ab4f00fd2d,RECIEVED,2020-10-25 17:54:53
69,6e668abb-ca94-4f42-b892-faa82e4f0b75,RECIEVED,2019-11-12 22:07:25
17,dd7feeb5-8f0e-4771-9639-f556d49d7706,RECIEVED,2021-08-18 15:44:30
54,a938587f-7f55-44fb-8021-1607cda60b00,RECIEVED,2021-12-15 22:58:01
79,0247d4b0-5d51-455a-9b14-9b6bea0dbbb5,RECIEVED,2022-04-03 01:40:54
114,ec7909e8-b1de-4ff6-8d20-3eb390787888,RECIEVED,2022-03-26 05:01:16
196,041d5454-7a45-493e-9bc9-11d6b74ada94,RECIEVED,2023-02-25 12:22:37
152,d139e9f8-bdb9-4fcf-841f-c3b90d711efb,RECIEVED,2022-07-09 16:59:36
118,e319a0f4-3948-4ce4-a8bf-ec9a82551f5d,RECIEVED,2023-05-25 18:04:38
181,bb0cc2ac-84bf-476a-ad89-3f963ee6b268,RECIEVED,2022-02-17 13:01:06
7,f0c2ffc6-62ea-4c1c-9cce-261b8fbd2e75,RECIEVED,
166,516669c9-605d-48a9-995a-c7f68b86d8ad,RECIEVED,2023-03-13 03:38:35
44,bb549159-0df6-4fb1-b228-9977f3f64fb2,RECIEVED,2022-06-05 18:48:06
164,0f26f26d-65c8-4b7a-8225-4c64d9ef384a,RECIEVED,
167,009c3e4f-ffcb-4fb7-9313-2d71f729a6c3,RECIEVED,
12,d55a1355-49f9-43f6-987a-630e4fdb1b4e,RECIEVED,
175,a9f5c5e4-23b8-4f48-a478-760ff621bad0,RECIEVED,
108,3fd0af71-697c-47fc-ba3c-3ae4ac5d00f7,RECIEVED,2022-12-24 12:31:58
101,ca28917b-4efc-40e4-a284-e5ec50c309a9,RECIEVED,2023-03-26 21:00:39
177,3e19fb00-f0a8-4536-8a0c-fbc906cbac6a,RECIEVED,2020-10-03 17:11:35
153,ec37e354-21dc-414d-bc33-084a80c146d9,RECIEVED,2022-07-09 19:22:02
59,af111afd-d85e-45e5-b9f4-1304014998f3,RECIEVED,2021-12-28 22:12:27
113,4b8dc967-92c0-4ee0-9b37-eb940ed0d15c,RECIEVED,2022-08-28 13:07:45
34,242eadeb-50d5-41e4-990d-1cafe72b4685,RECIEVED,2023-04-22 19:43:55
168,28154342-2bca-485d-b57d-ae867c6123a2,RECIEVED,2022-02-28 13:09:17
86,c19fe30a-e1a8-4237-a867-444f1a7e331b,RECIEVED,2023-03-17 19:15:01
105,8191fcb7-c64f-4a44-bdd4-43ed9e477c6c,RECIEVED,2023-04-14 19:06:25
88,91c23085-31ef-486c-825e-5a2dc5893ba4,RECIEVED,2023-05-05 14:34:28
70,72151b92-a284-4bd5-9d0c-0c1bc4f01cb2,RECIEVED,2023-04-01 15:39:55
66,96a1d710-7617-46ac-b4c8-98651401887e,RECIEVED,2023-04-26 18:49:44
79,c500d623-8646-4204-8ec9-4be0db8030b8,RECIEVED,
106,05a48343-48f2-4610-b282-b945e62b1a40,RECIEVED,2020-08-22 02:32:37
24,79bd7293-8b90-4e33-9d06-a3e7684f0015,RECIEVED,2020-10-19 09:22:10
74,2a0f0f1f-ee00-4015-95aa-0860ce875c2d,RECIEVED,2022-10-20 10:36:29
56,f00ff153-01b5-4de6-a2fc-7a1df6c15c28,RECIEVED,
190,df48a89d-aebc-4466-93ac-44b1c04b2257,RECIEVED,2023-05-17 23:24:55
43,9a372995-ef2f-44d4-addd-410b985a22dd,RECIEVED,2022-12-08 09:16:47
95,58e0126f-be51-4be6-93ed-dfce4ca49a4a,RECIEVED,2017-05-28 05:42:36
188,415d8a0f-ece3-4f25-9d81-8b5b4b75c1cf,RECIEVED,2017-11-10 18:34:02
185,2ec3d6a0-f717-4dfa-856a-8679a9f80db3,RECIEVED,
92,bd5df678-4aaf-46cf-b6a5-fa6768a192b1,RECIEVED,2023-07-26 11:48:19
171,4e725303-4034-465a-a2c9-a812ae9155d1,RECIEVED,
131,431d7af4-7779-4279-8d86-eff754efd45c,RECIEVED,2023-08-03 10:35:41
151,1a64a5d0-eaa8-424f-93c4-4ec6e32c28ed,RECIEVED,2023-02-14 08:53:37
189,e51e4f1e-fb4c-425f-aaf4-e2785fa3f7b2,RECIEVED,2023-05-20 08:39:00
188,cc1836bb-cdfc-427d-ba89-1af3812c677b,RECIEVED,2023-04-29 15:45:54
147,da849368-9e53-4735-a3e4-515f3dca2fbc,RECIEVED,
82,87b4cfbe-dc60-4c82-b2cd-5ce8acb914da,RECIEVED,
129,9c433bb7-e1ea-42ac-8d4d-e4aa8bba88df,RECIEVED,2023-03-08 02:00:36
166,4c8466d8-9fa6-4531-8b16-c1298f09b513,RECIEVED,2023-02-22 15:15:47
175,907a7b1d-bc06-4e70-bd80-44064bd22bc7,RECIEVED,2022-10-28 18:51:40
183,0256d6b9-1cd1-460c-8d7c-ff8db7638802,RECIEVED,2023-01-14 21:57:47
9,93fd1827-39e6-4d2b-b892-e75e3c4db504,RECIEVED,2023-01-01 20:12:46
46,7911d527-e74a-491e-acb3-c902db1eba02,RECIEVED,2023-01-01 13:34:06
138,eb72e6fa-b6b9-4cdb-881f-b24206da6aa8,RECIEVED,
176,5907aa22-2b51-4e63-9532-e79dff1b7bac,RECIEVED,
186,f39bb285-49f9-44e9-907e-c1d81855b403,RECIEVED,2023-05-19 23:55:16
67,b27874e5-8f67-43c1-bebd-c14b325166f8,RECIEVED,2023-03-22 23:55:57
158,3176abc4-8f35-43ca-a8d5-809e21e04f26,RECIEVED,2023-03-14 15:10:54
86,fc311664-d16f-47c7-9d5e-49f9f0f1bff2,RECIEVED,2023-03-21 13:31:13
99,a1a57096-f836-4b3e-afef-4bb10b587d60,RECIEVED,2023-04-13 01:29:27
118,e7ca1c36-a178-464d-9235-d458e67a0117,RECIEVED,2022-12-14 07:15:43
98,b5045941-c4e2-46ac-a85c-061f21cb6f83,RECIEVED,2022-11-18 11:17:01
38,f826688f-9f48-4c0a-b6b9-82164b068610,RECIEVED,2022-11-17 21:58:18
177,6bb06108-9b1d-4ed7-9ca2-24bf5662bd8a,RECIEVED,2023-02-13 19:42:50
74,9a1f29c7-12e7-4bfa-82f7-6dcf5eadee37,RECIEVED,2021-12-24 12:33:38
161,adecc29d-9dd9-48e5-836b-31439da81c63,RECIEVED,2023-04-27 06:07:42
111,97ad9c45-3949-49fa-a5e1-a2eb2c984af9,RECIEVED,2022-04-02 18:10:50
62,c1cd4567-1843-43b1-aebd-eb3c32166c29,RECIEVED,2022-08-28 22:59:54
115,faa195ee-9624-4315-807a-e932c42bb363,RECIEVED,2023-04-26 12:25:25
60,2b26f28a-ac12-4259-bbcc-1c13ba476f47,RECIEVED,2023-03-23 16:29:19
42,752823c1-8925-41db-9a50-ed242d5c967b,RECIEVED,2023-02-15 18:46:09
61,1431230f-2f1f-4aba-a89d-1923c6ad7364,RECIEVED,
129,17798bd8-2c3c-4ca5-88e0-d2ea370b2b00,RECIEVED,
135,99f4e5d0-fe0d-4f13-a417-75d78547a81d,RECIEVED,2022-10-17 02:47:44
21,671dcf96-d59e-48b1-989c-56c5bd3d190c,RECIEVED,2022-10-11 03:35:45
50,08c5a11b-bdc8-4fd6-b73a-81d776647dde,RECIEVED,2022-11-09 20:18:54
64,af4b37f4-c42c-4954-bf3c-7c183f29ab44,RECIEVED,2023-02-18 06:44:23
131,cb769aca-1256-4de4-9f43-3e7e209b1cb8,RECIEVED,2023-04-22 22:02:49
114,d73032bf-9c0a-4552-9465-93c16e2a7785,RECIEVED,
63,b0e4ab30-2d1a-4e63-9b2a-5ba31e4a5cc6,RECIEVED,2023-05-02 15:01:06
52,c21d56ea-dabc-4936-ae7e-b7e12e4ceafd,RECIEVED,2023-04-20 08:04:53
184,d702ec39-ae84-4ee0-b93f-6e22d4ad0177,RECIEVED,2023-05-04 18:27:37
51,0d5ae3c7-70b2-4b68-bd5b-c53a1e10a9da,RECIEVED,2023-05-23 11:54:35
64,ecdb245e-3e66-46de-924d-d297e41510e6,RECIEVED,
17,b76e4064-649d-4b5b-a0f6-3c52fb3697b3,RECIEVED,2018-02-20 01:34:13
64,541fe508-5d4a-4deb-8548-64853c24d179,RECIEVED,2022-08-27 15:22:26
150,016c4ff6-df70-499f-a101-89ef22a37cae,RECIEVED,2020-12-30 19:37:27
18,586312da-d305-4e73-b13a-910815085bc9,RECIEVED,
65,35ef386f-cd9f-441b-8600-725d33b70435,RECIEVED,2022-03-10 00:31:21
109,faf91128-e0b6-45dc-a62d-32de95871a9f,RECIEVED,
126,a8a3b835-403b-4f9b-a007-f5c6cbf8d83e,RECIEVED,
127,a96848d5-6fb1-4183-bedf-2258dc6c226c,RECIEVED,2022-09-26 01:57:37
32,03f57cf1-d19f-49f6-bdb2-a8780b218918,RECIEVED,2022-10-01 03:38:06
127,ad13ac5b-ef62-4c68-b3a1-396cd53da515,RECIEVED,2022-11-04 21:35:10
150,87bae5b1-e7bb-4857-95bb-f648616fc904,RECIEVED,2019-08-29 12:20:35
89,8c8c82d8-5e8e-489c-887e-aec39b6255fa,RECIEVED,2018-01-23 15:12:40
53,7017d4bd-7fc4-4974-a907-dfc59f479d2e,RECIEVED,2023-03-30 04:58:20
44,248a9de8-a59b-435d-936e-f1e097d1c0a7,RECIEVED,2019-04-02 23:10:06
177,b27b3368-4dd1-40ef-ac80-2773805386d0,RECIEVED,2016-03-06 10:41:46
76,d21f8cac-0d2f-48c0-b4b8-56fa53fa0acd,RECIEVED,2022-04-06 12:12:14
109,bb994e25-8e13-4a7f-85a4-d4db9eb5fc39,RECIEVED,2023-05-21 12:12:58
24,27899b9d-be42-4e85-a92d-bf65dbb6f5b7,RECIEVED,
182,9cb4a645-b917-454d-b95c-e288c22340e5,RECIEVED,
62,955903c3-20d0-491a-8425-2b16baf31f45,RECIEVED,
65,3fa9a7da-2606-4b69-bbed-f52b5c9b51b3,RECIEVED,2023-05-27 15:46:50
21,7a5c9654-30b8-467f-b20c-9d4abe216dd9,RECIEVED,2023-05-25 19:24:59
91,b339df12-34d9-42ae-8c5b-2299f1c29459,RECIEVED,
103,1ac4784c-14e1-4922-848d-6331953cdb28,RECIEVED,
22,0019d5b8-703d-4963-b283-e0dfca64122d,RECIEVED,2023-05-25 00:06:36
159,6accff58-2d23-4c79-83e3-501c64d54a3f,RECIEVED,
132,b368a61c-02dd-46c2-8f95-72350a274c9b,RECIEVED,
7,c33fdb8a-bf66-40c8-940c-1d86cd7527ce,RECIEVED,2023-06-12 18:51:50
134,6048809e-9872-49a3-bb0a-a05926069b41,RECIEVED,2022-04-24 18:12:56
31,522d2482-7b31-4b6b-84c5-1788ba228303,RECIEVED,
55,f8a395c3-5c85-454e-98ab-201e7d6d96b3,RECIEVED,2023-01-01 10:50:23
87,465703d5-88b3-40ab-bc12-9d3fe116955c,RECIEVED,2023-01-19 03:50:34
119,be66bfc3-693d-4e96-a287-04fc40363bdd,RECIEVED,2023-08-31 14:29:33
154,c6dd8385-b6a9-4aef-81cf-f27a04d2f6dc,RECIEVED,2023-05-09 22:12:56
145,6d8e027e-9a68-49bd-a094-0e554e3edc91,RECIEVED,2023-05-31 11:52:32
193,61eb92b0-7b76-4fa9-bac5-63eadfe31d7a,RECIEVED,
112,029d593f-74f9-4e0a-b6f1-076b2cec1b5c,RECIEVED,
120,f8781040-a56c-4168-a564-281d6827f915,RECIEVED,
2,342306de-f9d6-4506-b522-60d74cd8998e,RECIEVED,
113,bc972e4d-e872-4821-9747-66cc98962b87,RECIEVED,2019-05-10 20:05:15
63,6f1ae488-f37e-43b3-bc83-6e37027c2a07,RECIEVED,
157,2fbfde05-75b6-4cc7-b592-e9c6c1806f45,RECIEVED,2021-04-06 21:13:05
6,4f292a52-f815-480f-96fe-2903a8ee6053,RECIEVED,
9,050a7bfe-5a49-4b9f-bb26-8fa3436f8859,RECIEVED,2023-01-15 09:54:45
20,26f6a6f4-f8f2-4125-b7a9-0c408743b8a6,RECIEVED,2018-09-13 19:32:44
142,0ba00dbc-1b00-40db-a36c-d594c23b02a1,RECIEVED,
162,3e554ff4-e585-42d4-91b6-6b45688ae4ae,RECIEVED,2016-11-03 06:47:53
152,231ee284-cafd-4ccf-ab7b-13ce25c159f3,RECIEVED,
142,4dd20ea6-9a03-4320-a5a2-906381487c79,RECIEVED,2019-10-28 01:24:35
181,d0961798-7810-4439-8a7c-d04c89bcbde0,RECIEVED,2023-02-19 00:47:28
103,d5f17eef-e535-42cf-b782-d2afe393aa05,RECIEVED,2023-02-16 11:35:51
135,aaf92ea1-d8a5-442a-a06a-d6beb048de3a,RECIEVED,2023-04-08 11:55:22
96,9fadb86c-5406-4800-a391-35342d1556f0,RECIEVED,
194,395831b7-5f45-4702-b77c-840ad69ba3af,RECIEVED,2023-03-24 16:24:30
118,e0b3c3d8-8765-473f-9016-7554cc36e2f2,RECIEVED,
62,6cd2586b-f402-40d4-aeb5-8ce2e9d7cfd9,RECIEVED,2022-07-12 22:17:15
196,a2b4c13c-c413-4669-bff0-3bf2ae0f973d,RECIEVED,2023-05-12 09:14:28
176,da7eb792-82d5-47e0-983a-f05fd1a61f4c,RECIEVED,
157,5648a420-3829-4cd0-afa0-703e4fc7cba5,RECIEVED,2022-09-23 09:45:25
136,b38c1f96-2bd1-4f17-9842-2646b72c825a,RECIEVED,2023-04-12 19:58:27
161,4316907b-3c43-44e5-865c-c456e85753d8,RECIEVED,
27,26f85faa-16ba-41c6-9edd-06005e674c39,RECIEVED,2023-02-26 02:21:11
85,1b84eb6a-1a21-40f5-8980-4f0cd882cf18,RECIEVED,2023-02-12 06:01:39
17,d808aec5-c478-41b1-a381-a81f2529d125,RECIEVED,
149,9dd2376a-9b5d-408b-b365-2bcd435b9b92,RECIEVED,
148,69a8c56d-d45a-4a7c-95e4-f48826c8c632,RECIEVED,
93,ca9c6b00-842a-4391-8ad0-f859671847c8,RECIEVED,
153,84d19a30-60fe-440f-9efb-9a9b1e1e34aa,RECIEVED,2022-04-08 01:25:32
28,0b90877a-d257-4f2b-bd28-64548ae82041,RECIEVED,
34,70bc9990-4b1d-4752-a721-bce1dd6e85a5,RECIEVED,2023-05-05 10:37:46
122,5990622a-cadb-4235-a6a5-decc9601fff0,RECIEVED,
160,040364ee-7bcd-46d7-b01f-3a9a5e78af74,RECIEVED,
184,8ea2fd0a-3902-490d-ba0c-d93120af4e8a,RECIEVED,2022-10-21 15:17:23
121,de868ec9-4577-4007-a2cb-f8cf446df13c,RECIEVED,2016-01-07 11:29:15
4,dd81d453-ad4a-4971-abed-0f139f20e25e,RECIEVED,
60,5735cc7e-9395-4c9d-a0e0-0914604f3920,RECIEVED,
20,0fa34147-ec01-47fd-ab48-1980741bf25b,RECIEVED,
54,f652c5b3-08f6-4834-9b2b-e3fea913f941,RECIEVED,2021-10-03 07:32:54
145,d6a4b5d8-d3aa-4753-b952-cb7bb47d0130,RECIEVED,
70,cd75e56a-8223-4ae6-bfba-10ebff30f2a2,RECIEVED,2020-01-05 17:53:30
139,02810272-7fe4-4d8e-ad5d-7ad8ee71f9ba,RECIEVED,2021-10-10 03:09:51
153,85e84d8c-6f7c-49a1-99b0-7b6e51660ec2,RECIEVED,2022-08-19 20:57:37
145,8deac3dd-1b78-4676-b166-2803af2d4283,RECIEVED,2021-09-17 11:58:20
146,cae46439-edb5-4ec6-8a59-e6077259f637,RECIEVED,
175,458092f9-1341-4608-91b9-122cd2e8a9b4,RECIEVED,
37,392f1b59-595f-4ce9-960f-d6e3ee93f6b4,RECIEVED,
88,d1dcd5a6-8afb-4fa1-a348-d5ea4ece005f,RECIEVED,2023-10-01 13:54:32
31,26b26bf5-c0db-42e7-a0ca-97a5251c37b6,RECIEVED,2023-06-18 08:41:46
183,0040493c-5a8b-468f-bbd1-ba55c5a041ce,RECIEVED,2023-05-31 16:20:13
24,e83c88fe-26be-4f64-9824-c0e1b4ff3ef5,RECIEVED,2023-05-23 07:38:59
58,070ab890-d536-47fc-8142-4428120afca7,RECIEVED,
64,ed2ff481-8eeb-4e1e-94c8-cff4f81eeb08,RECIEVED,2023-05-23 12:20:54
125,5523c11a-1052-4099-a07d-8c60eeb4d8ab,RECIEVED,2023-05-17 10:18:59
59,c5eb4a76-ea40-4e3b-b17c-94a3d99cea6b,RECIEVED,
159,620d0576-d442-4055-8b19-612fd67e2fcd,RECIEVED,2023-05-27 16:00:33
151,80b060fd-ff09-4d6d-a95d-3ce95398d0cd,RECIEVED,2023-08-24 16:19:41
140,bc0676f1-43e4-4b98-bade-66770fbe22ed,RECIEVED,
50,bd0709cb-de94-43c8-8e01-834975b26bee,RECIEVED,
12,28c2ed04-c2df-41ad-97b4-bdb77733293b,RECIEVED,
149,f67bff5a-ffb7-4dc2-96c0-6738d9b1788e,RECIEVED,
186,5e824f9f-759b-4e47-a323-5db4a47a9b39,RECIEVED,2022-03-22 02:21:18
82,dcc05bbb-e33f-4980-81d6-dcb1ab86e0f3,RECIEVED,
184,f72917f1-e1a4-49eb-baff-e97a321bcf81,RECIEVED,2022-02-13 05:06:28
66,308df99f-8c73-44f1-b424-601dba0757e1,RECIEVED,
177,62f94e9b-2faa-43fc-8d9a-6b6e731f1cda,RECIEVED,2014-08-04 06:26:58
109,dab6e5bc-ed61-47a5-a62f-8f5a3196ed84,RECIEVED,2021-12-21 01:16:27
107,e820df34-edce-4ef8-955e-f84cf209997c,RECIEVED,2022-05-24 16:49:46
187,6749b11f-2ff9-41ef-84ee-96a6539aae93,RECIEVED,2023-06-14 10:40:19
97,03f6a78c-485f-4afa-abaf-73b5834019c4,RECIEVED,2021-07-11 18:40:36
65,72c40033-2988-4357-a743-f392cdd22381,RECIEVED,2022-08-03 15:12:57
164,69b43f13-15da-4a53-9f9e-151fb9a197f4,RECIEVED,2022-08-02 06:38:38
90,62f77d1a-7d81-4d06-ba2b-35b0fc5d362b,RECIEVED,
102,cb794282-faf1-4779-94f5-1972a6e34b05,RECIEVED,
187,9595f00e-639b-4167-8a7a-01e1411d930e,RECIEVED,2019-03-26 07:15:49
4,3b05eea9-87a0-4cfb-bd21-25cd0c0fe073,RECIEVED,2021-05-14 15:34:12
27,896a2739-08fb-4a2a-8242-edd2ca431f23,RECIEVED,2020-09-25 18:33:31
10,fc2fe87c-74e0-45db-94ad-ffd909fc615d,RECIEVED,2021-05-02 02:53:05
143,9b9488d4-e807-46bd-a5a7-a5af31770c72,RECIEVED,
79,d3b108e9-5b57-41dd-909e-22e60a477a1c,RECIEVED,
80,7d950d23-f3c9-4d14-aca2-25c76864baaf,RECIEVED,2021-09-13 19:20:10
87,e041ceb0-6d60-414c-97bb-fdd436da8984,RECIEVED,2020-03-31 16:21:40
82,55b49876-77ad-4474-b898-05ac0b097edf,RECIEVED,
195,4fb8ef23-87a9-48dc-9df6-245e449f2eaa,RECIEVED,2020-10-27 12:09:58
82,c034cd7b-bd82-4f30-a46d-d3922ac39fff,RECIEVED,2023-05-10 01:44:24
106,09a568c8-9ba7-47a3-a58c-474a26b4f456,RECIEVED,
200,82e9ff3f-8162-46e4-b20a-48c6175cdc2a,RECIEVED,2021-04-19 04:44:56
59,9d978766-bd08-4615-b559-9c33fed8258b,RECIEVED,2021-01-24 14:55:55
54,9ac775d3-5432-477d-9665-65cf4d1fab87,RECIEVED,2022-06-12 10:33:58
24,7c199701-1530-4516-85a1-9b24c0feab5b,RECIEVED,2020-02-10 06:32:35
4,7dfd00a5-a371-4e10-b2d3-72f21097b2ae,RECIEVED,
13,04afbbc8-3e2e-4124-a69a-3fdf667cc485,RECIEVED,
29,0ba72dc4-8938-491b-9c0d-be7cfa6134ae,RECIEVED,2019-07-10 14:47:07
137,056fbdd4-8bb7-4d6f-b06f-89671f86d454,RECIEVED,2023-09-09 20:10:14
82,c7cc201b-174b-4afe-86e2-47f743ce3a29,RECIEVED,2023-08-06 07:27:09
128,d49e2302-eb83-4ed2-82e1-bcfdefa92baf,RECIEVED,2023-05-24 10:15:03
129,283b78d3-79a0-4e9a-b19b-f871c35f4168,RECIEVED,
12,96decb72-e463-4574-ae8e-8c6acabc4ff7,RECIEVED,2023-05-14 05:14:30
182,0043b4a9-3c30-4539-937e-bf6c8806647d,RECIEVED,2023-04-29 21:53:30
196,fdc5d3eb-1264-46a6-9392-4eafac5ab14c,RECIEVED,
76,07842ee9-9027-4ac7-804f-0d7dfca39e3d,RECIEVED,2023-05-11 06:53:14
12,18b40fc2-adcd-4b0c-84a7-313598224c42,RECIEVED,2023-05-26 07:23:02
5,ba9032fb-d611-49e4-86bc-65026892c8a5,RECIEVED,2023-05-25 17:33:36
54,8e2de1ef-6a23-4408-acee-b5bab64fe522,RECIEVED,
137,cee42999-1136-4df9-ac4a-961fd3711b73,RECIEVED,2023-01-29 01:41:35
51,726373a6-2f16-41fb-9e40-3637c32d9a04,RECIEVED,2022-12-15 03:27:29
135,679955cf-9d71-419a-9bc4-ead48f005249,RECIEVED,2022-11-11 04:50:57
172,d8781056-72cc-4428-819b-cb5c207d4d90,RECIEVED,2018-04-18 17:23:36
195,4c17dc4c-5c73-4d81-b0d1-119564664ba9,RECIEVED,
131,e78489c9-5dd3-4ddb-9f8a-0169f3980ae0,RECIEVED,
77,18f0cb9d-6b2e-4785-9143-3b9ed1bc21b6,RECIEVED,2023-04-29 19:16:10
21,d48fc989-50ea-4a79-a4a6-cf1300aac702,RECIEVED,2022-02-18 21:21:06
52,f79fcac0-67da-4e58-8021-5037f4faa012,RECIEVED,2022-09-07 04:56:12
79,4587d2aa-1f0f-42a1-a4f4-65a3f2c4e0a3,RECIEVED,
198,b2b98334-5830-495d-aeac-236e386b8e4f,RECIEVED,2023-04-12 17:16:56
144,3dc35636-12b1-4a8e-ae21-8b04d307679b,RECIEVED,2023-01-29 00:11:40
120,3d15540c-1db7-4ff9-a190-df44e82e130e,RECIEVED,
193,65ff35cd-940d-4627-a48c-135a1dead0bc,RECIEVED,2023-02-20 23:58:30
80,9173cea1-d53e-4022-ac9b-375b628415a8,RECIEVED,2023-02-13 11:14:43
155,31487c02-1f69-418e-b952-f4e2620f103a,RECIEVED,2022-04-02 23:03:35
12,07d7bc4f-62aa-4a62-826e-2d9e95fdcfde,RECIEVED,2021-08-06 03:34:42
16,fc36dac4-85a3-4c95-bb61-8651e6990de8,RECIEVED,2023-03-02 13:09:57
46,49f038f8-bf35-40a2-a9fc-25a4a52094b7,RECIEVED,2018-07-05 00:38:05
182,ac1ee139-ba2b-4896-ac7b-0ae53074a330,RECIEVED,2020-10-01 03:23:20
16,ef2e8c72-e0e7-4b7d-803e-019d1ad3185b,RECIEVED,2021-12-14 00:06:17
151,de5376b9-e029-4f9f-91eb-f789cc604843,RECIEVED,2019-01-18 02:09:05
144,16b94416-401e-4759-bee3-ed1de9bb7548,RECIEVED,
190,36cdb748-eb3c-492f-a816-64aae34e0545,RECIEVED,2020-04-23 16:56:06
127,89b0ae88-1d90-4e8f-a64a-8ead66e9e5b8,RECIEVED,2020-02-24 06:12:04
144,330c8486-9fb4-499c-b49c-a78c2107df3b,RECIEVED,2020-11-24 06:50:02
176,83169363-bcd3-4c94-9c3a-7b6d0fce1f36,RECIEVED,
154,a8d43369-61d8-4ac0-b12d-6eb50118028e,RECIEVED,2020-09-25 05:53:26
132,6250fb00-24c7-492c-a4c5-ea94e4148bf0,RECIEVED,
191,f058ccb4-a26d-4bd2-8b41-c54993f298b7,RECIEVED,2021-04-10 21:17:07
150,b1660a9e-56d5-4195-8405-8d11c7036227,RECIEVED,
26,bd9b3c78-aedb-40b1-85b8-45bf3521635e,RECIEVED,2016-11-16 15:21:30
142,1da58d73-c0e1-4213-a426-7a35b11d4e58,RECIEVED,
20,180deb05-17e1-4c26-98c0-3e8e0eb104d6,RECIEVED,2016-12-19 08:06:27
50,ff47d7a1-dd78-4254-89ae-c95219bb3d33,RECIEVED,2022-09-22 13:57:22
114,84515d05-bd00-4ca8-b07d-53f896654e82,RECIEVED,
3,eea07b71-9850-4802-8556-53f31160b3ef,RECIEVED,2022-09-22 01:42:27
79,605e72c6-b64c-4944-b298-438d59047401,RECIEVED,2023-04-21 17:19:17
185,0ba2e126-ac19-4fdf-ab1a-372d98540ea7,RECIEVED,2023-05-11 07:42:11
73,1864bc9a-5f58-4cf6-a6ec-7a328a2c79d3,RECIEVED,
186,719fbd3b-d21a-44d4-8462-5665b071a4a2,RECIEVED,
183,31de2a8d-29a9-4f8d-af62-5b52f2eeb686,RECIEVED,2023-05-16 04:28:03
113,e491096f-96e6-45c5-b8e9-d8f49f270d11,RECIEVED,
87,964802d3-e477-4231-8504-ff4fdc515125,RECIEVED,2023-06-29 21:05:21
139,242e8270-0605-4378-9a71-d5bf7efd9043,RECIEVED,
60,4e8941d2-f92a-4adc-ba39-9316aefac3d9,RECIEVED,2022-06-08 09:21:57
164,d172f8d5-cd45-42ff-8c66-b66a43c943d8,RECIEVED,
161,7020ae51-e270-4b22-87cd-5aa60427c773,RECIEVED,
47,5f0fc4d7-38f5-4649-aa3e-051e900dc911,RECIEVED,2023-01-10 14:04:33
153,3f95eb48-45a6-4609-abe0-e66d4f8014c8,RECIEVED,2022-12-13 03:28:02
109,b261bab4-b64e-45e7-a89c-550d76ba7283,RECIEVED,2022-11-29 10:16:07
24,e7a28fda-8057-4998-85a1-3b94861edc5b,RECIEVED,2022-11-15 07:53:53
170,88653f9a-f4c5-4029-a15e-22605d9b5de0,RECIEVED,2022-12-04 19:46:12
84,fe1485ac-6c7f-49d4-b8d2-140d1db64b51,RECIEVED,2022-01-10 04:11:38
155,34c8a0ed-84c5-4d13-8a91-6f59d6339e22,RECIEVED,2023-02-15 06:23:24
137,941553b3-b7fe-4b24-ba1e-1e303f689c58,RECIEVED,
3,2de6648a-eea6-4219-9d25-4abe30a23b03,RECIEVED,
86,6af8878d-be7c-4859-91ec-cd3781b6e807,RECIEVED,2022-03-24 04:58:34
31,51c7bc77-da72-4d24-9ec8-7c778d35f07f,RECIEVED,2023-01-31 22:16:53
117,983eade5-71a7-4558-882e-b6483e586de2,RECIEVED,
3,b2162a14-a1b8-46f4-b6ac-582d8b220068,RECIEVED,2023-03-07 06:05:15
16,7c25860f-62ff-43a5-86e2-aa034ffd9b2f,RECIEVED,
145,7eb0fa06-ede5-4c0c-a302-1c4214c3eaa1,RECIEVED,2023-03-28 10:11:00
68,77a1e80b-fadc-4fe8-bb52-c193129029cd,RECIEVED,2022-09-25 23:26:26
117,392496ab-111a-4a19-866e-de5e9e748033,RECIEVED,
89,494c5a1e-bc70-4a1c-837e-c710198d8db5,RECIEVED,2023-04-18 18:06:02
40,931f6d08-8c8f-474c-975e-a6cb48474f51,RECIEVED,2023-04-04 22:01:32
129,b306737b-ab37-4f43-9a88-723716978385,RECIEVED,
30,89fd431d-b8c4-49c0-af11-6e3ccb4cb2f0,RECIEVED,2023-05-12 01:03:32
133,b08c66f2-aa8c-4664-bdd7-9dc6352af32d,RECIEVED,
158,c35c20ca-207d-438b-90ee-df2d6d18d64a,RECIEVED,2023-04-30 16:51:30
166,a4ec776d-b5cc-452e-994e-1c63bcf9d7ea,RECIEVED,
156,5b77ee6e-89ce-42da-a0f6-910944616a53,RECIEVED,
165,fc55175c-e732-41b1-a231-a946332c6b0f,RECIEVED,2022-04-16 00:52:11
67,c59e12f3-ba25-4294-9b3a-435265b3c07d,RECIEVED,2021-11-15 09:15:42
143,0776c777-20f9-4b4a-9fa3-61969dffd46d,RECIEVED,2021-10-30 17:03:37
25,adea88e1-eeb3-4744-9b62-d0dcc74b38de,RECIEVED,
147,c96b318f-3775-4df5-938e-e21cd94de4b4,RECIEVED,
74,41360d29-5490-43d4-84b3-9c8e563270b2,RECIEVED,2022-12-16 01:14:28
7,d5b9e6fc-675a-46fc-9bc0-7f76c3d276df,RECIEVED,
59,dab9bbeb-84f5-499b-be1b-2bcbd757ca52,RECIEVED,
98,2efe0a61-0101-4d17-8e04-12076be1286a,RECIEVED,
15,961c89a7-8945-4a56-b4d6-773f362f6cbf,RECIEVED,2020-12-13 04:48:14
157,8e04ef8d-792e-44b7-99f8-ab3afaabc09d,RECIEVED,2022-11-01 16:32:55
200,30c32f43-fc3b-4373-94d5-4729f8f5a745,RECIEVED,
96,9c59f7e2-6d5e-4ad4-b693-6cb130945e08,RECIEVED,2021-12-31 23:55:45
59,9223f21d-70d2-4adc-b784-99c9799c39f4,RECIEVED,2022-02-24 14:13:01
131,1931d673-f76d-41b8-8b79-f09569cf4e45,RECIEVED,2022-02-16 05:35:32
69,5f5c4836-07ba-4ae0-a2b6-a620398c36d9,RECIEVED,
188,b3043f72-0b69-42c9-9365-fa422a1e0e74,RECIEVED,2023-05-29 16:43:02
3,32945afb-9a9e-41d1-a385-bbb82f86c99f,RECIEVED,2023-05-03 19:25:32
197,ea4aac85-353b-4782-bc35-faae6fd42401,RECIEVED,2023-05-17 09:24:36
71,5a50b404-476b-4df9-b6d4-dc3df6f11c26,RECIEVED,2023-05-10 08:59:49
130,5fe638a0-6822-4b25-a445-54554f69651c,RECIEVED,2023-02-06 23:24:45
27,c994590e-925e-460f-8ee4-44a1fa42e877,RECIEVED,
8,04c893d1-e85c-45bd-b3ac-9629c7f1a5e7,RECIEVED,2018-11-06 19:16:24
96,66d58da3-4d5d-40c2-b1f5-56dc775ed34d,RECIEVED,2018-10-18 13:45:31
178,0c9c5ffa-644a-416c-bb8f-6696c19446ba,RECIEVED,
116,bffa5351-5d7d-439c-a5b0-2db63a87b181,RECIEVED,
167,a2df39dd-7d39-44b9-b48a-f190fa9d9e7b,RECIEVED,2023-12-12 06:20:08
184,c2693f2f-7e73-4660-a1f1-aa0d22cb5e77,RECIEVED,2023-08-01 22:37:49
69,7541f50f-05c6-4a1d-b97b-6be96b6b5058,RECIEVED,2023-06-16 02:24:08
126,1d5beb90-4fcc-4688-ad11-23a2176a7671,RECIEVED,2022-08-26 17:08:13
159,71d4cd36-065f-4dcc-82f2-d0b0b5f0e630,RECIEVED,2023-01-24 10:58:41
30,5426dc2f-c5cb-494f-b1c9-b8ac9e931e4a,RECIEVED,2022-12-12 18:59:04
84,3c6639d3-0fee-4fe6-a67d-01f1bc8addbd,RECIEVED,
26,ba68952d-8692-4841-932e-1915e2c1e55a,RECIEVED,
64,6b625f5e-e6b5-4ec0-b1c2-0e640e1b0a28,RECIEVED,2022-12-19 21:16:15
144,cfd933e7-34d5-4a40-a598-04256a78f9f4,RECIEVED,2023-05-26 10:12:48
3,940620be-5dd3-45e4-ba0b-73ff5859bd7b,RECIEVED,
183,491fe848-fe52-4e6e-8dee-0e504e7076dc,RECIEVED,
26,a8d6cc73-45a7-4b24-bbf6-00d14eaf9609,RECIEVED,2023-05-26 21:27:53
162,ae79e887-5f75-4a0d-976c-47c98f1ba9e8,RECIEVED,2023-05-06 02:28:24
141,0bcb14d4-f64f-4ca3-b1f4-8bb3f4766f53,RECIEVED,2023-05-09 16:40:49
102,5797ab2b-da51-43eb-80f9-95bb9f0685be,RECIEVED,2023-05-18 18:40:23
126,364f4f73-e43a-4116-8eec-ef01bb25b709,RECIEVED,2023-05-08 18:05:57
58,cec2dda3-85c9-4980-ab6b-f51f2ec950f1,RECIEVED,2023-05-20 23:20:16
62,b8341fde-5d2c-452b-8304-4e5ff3671e99,RECIEVED,
8,0477de17-2893-4e87-b92e-61b3f5f817f8,RECIEVED,2023-06-27 22:24:49
58,4da5cf85-b0c3-40e7-9bb0-ac3e909cce9d,RECIEVED,2023-06-22 10:20:51
83,4b74b1cf-b41b-4e34-ae88-defbd27c40cb,RECIEVED,2023-08-05 09:00:24
43,ec8b6a19-be84-4d5b-a42e-aedf2764c8a9,RECIEVED,2023-06-12 09:22:25
81,d9385969-a043-4071-9b3e-53bf7525fd37,RECIEVED,2023-05-29 19:22:17
33,c7bf0506-ba9a-4aa8-aa9e-eb00fa5714b7,RECIEVED,
87,87342957-0560-4982-bceb-b985e1a9b88f,RECIEVED,2023-07-11 10:09:55
73,f790b834-4898-44a4-b668-31843c3a64a5,RECIEVED,2023-01-09 17:26:34
63,22034df1-6b32-4bab-a412-cba1467b2a03,RECIEVED,
128,4636a6fe-2b5f-4d07-be4f-eb2716bb1e36,RECIEVED,2023-11-11 00:18:13
114,ded7cef6-3167-4035-9451-3321ba99b46b,RECIEVED,
192,6febe9c6-175a-4830-88b3-dad5c34e5eb6,RECIEVED,
122,e380107f-dd9b-4dd9-ab37-b02599347390,RECIEVED,2021-08-02 04:34:08
11,151aebbd-2032-4f17-b25f-95d9670d8883,RECIEVED,2021-11-06 19:43:41
140,38792a6b-b717-4e19-9be9-d51583269602,RECIEVED,
19,ca3fad1e-a81c-42bf-84f0-7b3d07a338ba,RECIEVED,2022-02-11 02:20:15
172,f9838078-7ee9-463f-9dc9-44ef88588939,RECIEVED,2023-02-12 15:31:29
16,f392df33-2108-4ce3-ac0b-b07c662d7bd4,RECIEVED,2023-01-31 17:56:03
55,98531379-18f2-4ee8-8d2a-1141432f5b4b,RECIEVED,
72,f6aeae1e-fc65-4190-b61c-9d886c855c39,RECIEVED,2022-12-23 22:55:39
12,48a0e93a-ab25-4e12-847e-24dc507a2c55,RECIEVED,2023-03-16 06:48:00
164,99297384-ec31-4431-ad03-4e21485ed4ae,RECIEVED,
108,67790be7-46a1-45a5-8d89-06d68e81a225,RECIEVED,2023-04-15 13:28:46
123,aea007d9-2ba2-4286-80a8-7a2e922dbe2f,RECIEVED,
125,ba3f4a42-991d-4e42-a70e-37669e3b7df1,RECIEVED,2023-01-06 06:03:06
95,cec82300-514d-45ce-9443-9b9d32858aa3,RECIEVED,2022-03-25 22:28:43
63,a25c9371-c166-4d4c-a1b2-227f39693399,RECIEVED,2023-01-20 22:59:11
67,7a0ee2f8-d8f8-4ce1-b20b-434956b529e9,RECIEVED,
141,2914aafc-e5ba-4530-8118-0e8b7e7b1145,RECIEVED,2022-11-10 08:19:04
120,44324c5b-bcfa-4693-a25e-5ef20f9fd9d9,RECIEVED,
180,611f4cef-3d5a-45c4-9068-c6fc77266d8a,RECIEVED,2023-05-03 20:16:47
164,868076ae-6af2-4454-89bf-9f748146064a,RECIEVED,2023-01-30 17:16:53
35,5d061d23-c511-4ba3-a35f-243285d9787c,RECIEVED,
118,4e72017f-19c6-4889-9031-9709186d827f,RECIEVED,
55,943cd9f1-4e8a-46d7-92e2-1d18b774746a,RECIEVED,2023-04-06 17:42:14
85,1b7a8737-73a9-41cd-8fa5-cf0472540978,RECIEVED,2023-02-22 21:23:40
182,acc87b69-4328-45ef-ae8e-04a065dfbe0f,RECIEVED,2023-04-17 07:58:35
174,ec18f71d-f672-472c-8842-dd20f06fc703,RECIEVED,
189,fedc8fb1-c8e8-48a3-b80c-ffa1e1532aa6,RECIEVED,2023-03-31 20:48:16
146,65ef8606-af2d-49ee-af3c-ef08c844d9cf,RECIEVED,2021-10-09 03:12:48
138,5d7030a4-9c8f-430c-bfca-adc3606a847d,RECIEVED,
54,2c50dd7e-27ac-42ba-b74f-7a8281fb509d,RECIEVED,
39,0ea2b593-80c4-45f5-9cfe-0418a621ba13,RECIEVED,
58,496325f2-7a7c-49f4-9d74-3f00f973875f,RECIEVED,
176,e8789bdd-a4aa-4a82-824e-c8dfccfc10f2,RECIEVED,2021-10-02 02:52:54
146,fd391ab5-8f81-488c-a3f6-fb1308823b72,RECIEVED,
21,46226c4e-b7a4-4d3b-b978-d0c747255711,RECIEVED,2022-08-02 03:32:57
181,9f603003-95c9-4224-8e95-08df4d10df68,RECIEVED,2016-02-03 16:24:49
190,a3bb131b-c950-4dcc-a635-1053ac667bd7,RECIEVED,2013-07-03 09:41:13
169,dbe3a8e4-62cb-4ab5-a90a-d34320f2d1da,RECIEVED,
76,14a4ab60-f3b8-4af1-8e90-7dee56d23b56,RECIEVED,
161,37d3f9f0-0c20-4510-9ce9-dc5dbaa5fb09,RECIEVED,2021-01-14 23:46:21
52,80f7258c-dfe6-414a-bd78-d3ba7a887fe0,RECIEVED,
181,a9ca9042-69ee-470c-9c6e-34a602cdbc5b,RECIEVED,2020-07-23 19:41:12
70,f8e62c1c-1a09-46e7-8035-87d266d92e1b,RECIEVED,2021-06-12 22:10:16
4,41264971-e769-44f9-88b5-a99a0e27720e,RECIEVED,
48,cd3c8da8-ca68-4254-a5a7-0056489e134d,RECIEVED,2023-05-29 05:00:52
92,3bff6937-2903-4fe4-a262-eaf8e00048ef,RECIEVED,
183,991a0d51-5814-4ee2-b744-955e52e1196f,RECIEVED,2023-05-17 09:17:00
117,543f51fb-8989-4970-8a7e-11283d71373a,RECIEVED,2023-04-25 23:39:03
182,a61e2b2a-b535-4ff4-b157-82288a44f38e,RECIEVED,2023-05-04 22:41:44
14,22d53a2d-042a-45f3-b78a-0fe4f1949222,RECIEVED,
59,0e6e34d1-aaa6-4a6b-b7ce-1cfbc28f40d7,RECIEVED,2023-03-06 14:35:58
149,2950c683-eb92-4b5d-941e-b1b4ec1dbfec,RECIEVED,2023-04-08 13:49:56
99,6a1ac1e1-b436-4c8d-9386-02d4b256311a,RECIEVED,
19,44b3ddd5-43b6-42c2-9419-62c88ff680ad,RECIEVED,
121,9d58abb4-3be8-4b9b-ad9d-72aee1c3ac57,RECIEVED,2023-05-09 16:46:22
69,356f9cee-2942-4437-a233-8e6948e2b021,RECIEVED,2023-09-17 11:15:28
157,f95a59ed-4767-471b-b05f-45c9c5d22bb4,RECIEVED,
155,bec2ab54-6538-4a88-905e-1c0e71dcceda,RECIEVED,2023-11-11 15:55:02
108,eacf2275-ae29-4cba-aa28-c2f64fb427a4,RECIEVED,2023-10-03 00:54:56
108,370e592e-8fd6-4dc8-8f40-68bc3deee0f5,RECIEVED,
41,e36ae8b0-ec97-42ed-a9a6-f844e3d5668d,RECIEVED,
16,c968dfca-af79-4a21-856b-6bf38da128c3,RECIEVED,2023-03-27 17:55:47
199,4fd4eb5d-5ac3-4772-92dd-39e0fd8812b1,RECIEVED,2023-04-09 11:21:19
146,ca4f43c9-799f-4e70-a03b-6b291c303dbc,RECIEVED,
102,c67aa56e-dfc1-42f9-9904-5463e3768999,RECIEVED,2018-07-08 03:41:58
93,0d127635-a89c-488d-9c74-97125956beb3,RECIEVED,
13,61515114-2207-4c60-93f9-62a1ea61f9cb,RECIEVED,2021-02-28 02:29:39
173,04b18d97-9344-45af-83bb-e45ab835718f,RECIEVED,2020-11-13 21:55:41
34,8a399a6e-d24c-494e-8e8b-3458e1df3d9a,RECIEVED,2021-04-29 03:58:40
20,d8911967-c2e2-4082-945b-b8ed70196256,RECIEVED,
98,a73aa1df-ceed-4313-aa74-68e669f62606,RECIEVED,2023-07-20 11:51:29
106,fa658400-fdd2-4cdf-afc6-93c94257c94e,RECIEVED,2023-05-28 00:52:49
63,9d72fc23-cc58-4613-940e-6c7b20b0f9c1,RECIEVED,2023-05-21 06:22:21
37,8b08988e-00c8-4508-99eb-af598d750a9f,RECIEVED,
29,46ff07af-c517-464f-9b6d-6291e300e1c2,RECIEVED,2023-08-06 20:36:48
105,8b8cbd2c-0f53-43b4-b1a1-a90b06e8eadd,RECIEVED,2023-05-27 00:53:58
156,4ddba764-07c8-4816-9b24-5675eef2eae9,RECIEVED,2023-05-26 08:58:00
9,eb7ef897-c564-4e0c-ae56-78da134dbfe6,RECIEVED,2023-05-29 02:59:12
161,48253df4-3e4f-4f2a-b8a2-b79639ec34bd,RECIEVED,
